flight,model,metric,horizon_s,axis,unit,count,failed_count,bias,rmse
datasets/dataset/A1b_multisine_sysid_rep1.csv,cf21plus_firmware,body_specific_force,0,x,m/s^2,6452,0,-0.028671194991013782,0.14399988941053346
datasets/dataset/A1b_multisine_sysid_rep1.csv,cf21plus_firmware,body_specific_force,0,y,m/s^2,6452,0,0.04382683885980654,0.15644810425421557
datasets/dataset/A1b_multisine_sysid_rep1.csv,cf21plus_firmware,body_specific_force,0,z,m/s^2,6452,0,0.8347354978420016,0.9417503781503331
datasets/dataset/A1b_multisine_sysid_rep1.csv,cf21plus_firmware,angular_acceleration_diagnostic,0,x,rad/s^2,6452,0,9.944576879913056,57.88391420411332
datasets/dataset/A1b_multisine_sysid_rep1.csv,cf21plus_firmware,angular_acceleration_diagnostic,0,y,rad/s^2,6452,0,-37.9535468124419,56.136722275368996
datasets/dataset/A1b_multisine_sysid_rep1.csv,cf21plus_firmware,angular_acceleration_diagnostic,0,z,rad/s^2,6452,0,-1.6594688080246638,4.839505363531099
datasets/dataset/A1b_multisine_sysid_rep1.csv,cf21plus_firmware,position,0.1,x,m,129,0,-0.00018387822394926636,0.0028260600959224003
datasets/dataset/A1b_multisine_sysid_rep1.csv,cf21plus_firmware,position,0.1,y,m,129,0,-0.00023057111703634497,0.0035863889666756243
datasets/dataset/A1b_multisine_sysid_rep1.csv,cf21plus_firmware,position,0.1,z,m,129,0,0.0038583198307312757,0.00441616713468427
datasets/dataset/A1b_multisine_sysid_rep1.csv,cf21plus_firmware,velocity,0.1,x,m/s,129,0,-0.03700441501776095,0.08918863873011422
datasets/dataset/A1b_multisine_sysid_rep1.csv,cf21plus_firmware,velocity,0.1,y,m/s,129,0,-0.014959821550867893,0.11085294619558803
datasets/dataset/A1b_multisine_sysid_rep1.csv,cf21plus_firmware,velocity,0.1,z,m/s,129,0,0.070142176388753,0.08112344776195611
datasets/dataset/A1b_multisine_sysid_rep1.csv,cf21plus_firmware,body_rate,0.1,x,rad/s,129,0,1.3095776509543837,5.581575074303868
datasets/dataset/A1b_multisine_sysid_rep1.csv,cf21plus_firmware,body_rate,0.1,y,rad/s,129,0,-3.868965413478423,5.5470767711494124
datasets/dataset/A1b_multisine_sysid_rep1.csv,cf21plus_firmware,body_rate,0.1,z,rad/s,129,0,-0.16709720164881106,0.4640186226070538
datasets/dataset/A1b_multisine_sysid_rep1.csv,cf21plus_firmware,attitude_angle,0.1,angle,rad,129,0,0.3682631654413218,0.416485775820102
datasets/dataset/A1b_multisine_sysid_rep1.csv,cf21plus_firmware,position,0.25,x,m,129,0,-0.04476103598890338,0.06791856096008396
datasets/dataset/A1b_multisine_sysid_rep1.csv,cf21plus_firmware,position,0.25,y,m,129,0,-0.011416972397715929,0.06891366619500267
datasets/dataset/A1b_multisine_sysid_rep1.csv,cf21plus_firmware,position,0.25,z,m,129,0,-0.011835585869329843,0.03577180524672073
datasets/dataset/A1b_multisine_sysid_rep1.csv,cf21plus_firmware,velocity,0.25,x,m/s,129,0,-0.6444818457416179,0.8990059043383178
datasets/dataset/A1b_multisine_sysid_rep1.csv,cf21plus_firmware,velocity,0.25,y,m/s,129,0,-0.11492485112038721,0.8097580667011008
datasets/dataset/A1b_multisine_sysid_rep1.csv,cf21plus_firmware,velocity,0.25,z,m/s,129,0,-0.5338842436898968,0.7882876243136507
datasets/dataset/A1b_multisine_sysid_rep1.csv,cf21plus_firmware,body_rate,0.25,x,rad/s,129,0,2.5233145092191767,8.430779276867677
datasets/dataset/A1b_multisine_sysid_rep1.csv,cf21plus_firmware,body_rate,0.25,y,rad/s,129,0,-9.417573734576942,11.732773330082455
datasets/dataset/A1b_multisine_sysid_rep1.csv,cf21plus_firmware,body_rate,0.25,z,rad/s,129,0,-0.3563364374466495,1.1260727321847346
datasets/dataset/A1b_multisine_sysid_rep1.csv,cf21plus_firmware,attitude_angle,0.25,angle,rad,129,0,1.6158050024972996,1.774210313118286
datasets/dataset/A1b_multisine_sysid_rep1.csv,cf21plus_firmware,position,0.5,x,m,129,0,-0.26313793213881653,0.3708823676175333
datasets/dataset/A1b_multisine_sysid_rep1.csv,cf21plus_firmware,position,0.5,y,m,129,0,-0.02259813518101072,0.3364032537153435
datasets/dataset/A1b_multisine_sysid_rep1.csv,cf21plus_firmware,position,0.5,z,m,129,0,-0.48981815368733855,0.5479138205531311
datasets/dataset/A1b_multisine_sysid_rep1.csv,cf21plus_firmware,velocity,0.5,x,m/s,129,0,-0.8637833433738052,1.4149087716035842
datasets/dataset/A1b_multisine_sysid_rep1.csv,cf21plus_firmware,velocity,0.5,y,m/s,129,0,0.010437004326042557,1.3162827217026734
datasets/dataset/A1b_multisine_sysid_rep1.csv,cf21plus_firmware,velocity,0.5,z,m/s,129,0,-3.280288490847051,3.4530865553491874
datasets/dataset/A1b_multisine_sysid_rep1.csv,cf21plus_firmware,body_rate,0.5,x,rad/s,129,0,3.947342667855107,15.707560496428654
datasets/dataset/A1b_multisine_sysid_rep1.csv,cf21plus_firmware,body_rate,0.5,y,rad/s,129,0,-17.612762203521974,21.13438005042325
datasets/dataset/A1b_multisine_sysid_rep1.csv,cf21plus_firmware,body_rate,0.5,z,rad/s,129,0,-0.8342375825956749,2.158372250128734
datasets/dataset/A1b_multisine_sysid_rep1.csv,cf21plus_firmware,attitude_angle,0.5,angle,rad,129,0,1.7392990296144857,1.9040963107208504
datasets/dataset/A1b_multisine_sysid_rep1.csv,thrust_upgrade_firmware,body_specific_force,0,x,m/s^2,6452,0,-0.028671194991013782,0.14399988941053346
datasets/dataset/A1b_multisine_sysid_rep1.csv,thrust_upgrade_firmware,body_specific_force,0,y,m/s^2,6452,0,0.04382683885980654,0.15644810425421557
datasets/dataset/A1b_multisine_sysid_rep1.csv,thrust_upgrade_firmware,body_specific_force,0,z,m/s^2,6452,0,9.782725488029158,9.826815427643833
datasets/dataset/A1b_multisine_sysid_rep1.csv,thrust_upgrade_firmware,angular_acceleration_diagnostic,0,x,rad/s^2,6452,0,16.89948715090062,100.54370021533677
datasets/dataset/A1b_multisine_sysid_rep1.csv,thrust_upgrade_firmware,angular_acceleration_diagnostic,0,y,rad/s^2,6452,0,-64.48417187616052,97.14456113823239
datasets/dataset/A1b_multisine_sysid_rep1.csv,thrust_upgrade_firmware,angular_acceleration_diagnostic,0,z,rad/s^2,6452,0,-2.151657893765127,6.1254346143029395
datasets/dataset/A1b_multisine_sysid_rep1.csv,thrust_upgrade_firmware,position,0.1,x,m,129,0,-0.0024539123570689516,0.009261190599813413
datasets/dataset/A1b_multisine_sysid_rep1.csv,thrust_upgrade_firmware,position,0.1,y,m,129,0,-0.001008492672220049,0.011921090539822935
datasets/dataset/A1b_multisine_sysid_rep1.csv,thrust_upgrade_firmware,position,0.1,z,m,129,0,0.046421966527309635,0.04666698878224218
datasets/dataset/A1b_multisine_sysid_rep1.csv,thrust_upgrade_firmware,velocity,0.1,x,m/s,129,0,-0.14767781090210286,0.2790066805750181
datasets/dataset/A1b_multisine_sysid_rep1.csv,thrust_upgrade_firmware,velocity,0.1,y,m/s,129,0,-0.048850304938941116,0.35446126947464984
datasets/dataset/A1b_multisine_sysid_rep1.csv,thrust_upgrade_firmware,velocity,0.1,z,m/s,129,0,0.8786421018241419,0.8867018067291281
datasets/dataset/A1b_multisine_sysid_rep1.csv,thrust_upgrade_firmware,body_rate,0.1,x,rad/s,129,0,2.2228902014577505,9.95592009074901
datasets/dataset/A1b_multisine_sysid_rep1.csv,thrust_upgrade_firmware,body_rate,0.1,y,rad/s,129,0,-6.526469047930582,9.700588700794611
datasets/dataset/A1b_multisine_sysid_rep1.csv,thrust_upgrade_firmware,body_rate,0.1,z,rad/s,129,0,-0.21846309527285387,0.5875485686787358
datasets/dataset/A1b_multisine_sysid_rep1.csv,thrust_upgrade_firmware,attitude_angle,0.1,angle,rad,129,0,0.6456561082187754,0.7330243471088934
datasets/dataset/A1b_multisine_sysid_rep1.csv,thrust_upgrade_firmware,position,0.25,x,m,129,0,-0.10079899772895969,0.14937730488247547
datasets/dataset/A1b_multisine_sysid_rep1.csv,thrust_upgrade_firmware,position,0.25,y,m,129,0,-0.017809034736518677,0.15720171374356456
datasets/dataset/A1b_multisine_sysid_rep1.csv,thrust_upgrade_firmware,position,0.25,z,m,129,0,0.1402211795619252,0.17156339482000596
datasets/dataset/A1b_multisine_sysid_rep1.csv,thrust_upgrade_firmware,velocity,0.25,x,m/s,129,0,-1.070268364874451,1.6038017552760442
datasets/dataset/A1b_multisine_sysid_rep1.csv,thrust_upgrade_firmware,velocity,0.25,y,m/s,129,0,-0.08515448741701696,1.5171931122586941
datasets/dataset/A1b_multisine_sysid_rep1.csv,thrust_upgrade_firmware,velocity,0.25,z,m/s,129,0,-0.1524017211006919,1.2275203623406243
datasets/dataset/A1b_multisine_sysid_rep1.csv,thrust_upgrade_firmware,body_rate,0.25,x,rad/s,129,0,4.152599780546424,14.523696283442382
datasets/dataset/A1b_multisine_sysid_rep1.csv,thrust_upgrade_firmware,body_rate,0.25,y,rad/s,129,0,-15.927416578583896,20.01600000077957
datasets/dataset/A1b_multisine_sysid_rep1.csv,thrust_upgrade_firmware,body_rate,0.25,z,rad/s,129,0,-0.46794642144317256,1.420184081270721
datasets/dataset/A1b_multisine_sysid_rep1.csv,thrust_upgrade_firmware,attitude_angle,0.25,angle,rad,129,0,1.9974573550309245,2.1292559641919135
datasets/dataset/A1b_multisine_sysid_rep1.csv,thrust_upgrade_firmware,position,0.5,x,m,129,0,-0.36903884293836353,0.5613653895259817
datasets/dataset/A1b_multisine_sysid_rep1.csv,thrust_upgrade_firmware,position,0.5,y,m,129,0,-0.0470828656125327,0.5532082824708033
datasets/dataset/A1b_multisine_sysid_rep1.csv,thrust_upgrade_firmware,position,0.5,z,m,129,0,-0.23362046330449798,0.4899383216189917
datasets/dataset/A1b_multisine_sysid_rep1.csv,thrust_upgrade_firmware,velocity,0.5,x,m/s,129,0,-1.0669960908883172,1.875548398481682
datasets/dataset/A1b_multisine_sysid_rep1.csv,thrust_upgrade_firmware,velocity,0.5,y,m/s,129,0,-0.030737968029495986,1.9138598001505596
datasets/dataset/A1b_multisine_sysid_rep1.csv,thrust_upgrade_firmware,velocity,0.5,z,m/s,129,0,-2.7235977737594737,3.188504644835401
datasets/dataset/A1b_multisine_sysid_rep1.csv,thrust_upgrade_firmware,body_rate,0.5,x,rad/s,129,0,6.036649542145086,26.920353077459826
datasets/dataset/A1b_multisine_sysid_rep1.csv,thrust_upgrade_firmware,body_rate,0.5,y,rad/s,129,0,-29.338259147365115,35.69584485753611
datasets/dataset/A1b_multisine_sysid_rep1.csv,thrust_upgrade_firmware,body_rate,0.5,z,rad/s,129,0,-1.0814016100945048,2.7369001267367308
datasets/dataset/A1b_multisine_sysid_rep1.csv,thrust_upgrade_firmware,attitude_angle,0.5,angle,rad,129,0,1.857195159201759,1.9920045601377685
datasets/dataset/A1b_multisine_sysid_rep1.csv,legacy_propellers_firmware,body_specific_force,0,x,m/s^2,6452,0,-0.028671194991013782,0.14399988941053346
datasets/dataset/A1b_multisine_sysid_rep1.csv,legacy_propellers_firmware,body_specific_force,0,y,m/s^2,6452,0,0.04382683885980654,0.15644810425421557
datasets/dataset/A1b_multisine_sysid_rep1.csv,legacy_propellers_firmware,body_specific_force,0,z,m/s^2,6452,0,1.669011698488916,1.743730333300582
datasets/dataset/A1b_multisine_sysid_rep1.csv,legacy_propellers_firmware,angular_acceleration_diagnostic,0,x,rad/s^2,6452,0,11.066705232469982,64.64790469264574
datasets/dataset/A1b_multisine_sysid_rep1.csv,legacy_propellers_firmware,angular_acceleration_diagnostic,0,y,rad/s^2,6452,0,-42.248495007582115,62.68806964357228
datasets/dataset/A1b_multisine_sysid_rep1.csv,legacy_propellers_firmware,angular_acceleration_diagnostic,0,z,rad/s^2,6452,0,-1.9539293708133094,5.689221482888892
datasets/dataset/A1b_multisine_sysid_rep1.csv,legacy_propellers_firmware,position,0.1,x,m,129,0,-0.0004063777101761458,0.003342299100273441
datasets/dataset/A1b_multisine_sysid_rep1.csv,legacy_propellers_firmware,position,0.1,y,m,129,0,-0.0003088165173987342,0.004297549664578773
datasets/dataset/A1b_multisine_sysid_rep1.csv,legacy_propellers_firmware,position,0.1,z,m,129,0,0.007844791786931682,0.008234882602995762
datasets/dataset/A1b_multisine_sysid_rep1.csv,legacy_propellers_firmware,velocity,0.1,x,m/s,129,0,-0.04788225273989752,0.10643780640042699
datasets/dataset/A1b_multisine_sysid_rep1.csv,legacy_propellers_firmware,velocity,0.1,y,m/s,129,0,-0.018406060906773446,0.13343768072867254
datasets/dataset/A1b_multisine_sysid_rep1.csv,legacy_propellers_firmware,velocity,0.1,z,m/s,129,0,0.146811793499553,0.15472236805307257
datasets/dataset/A1b_multisine_sysid_rep1.csv,legacy_propellers_firmware,body_rate,0.1,x,rad/s,129,0,1.456353365656855,6.27634494063245
datasets/dataset/A1b_multisine_sysid_rep1.csv,legacy_propellers_firmware,body_rate,0.1,y,rad/s,129,0,-4.297542870708791,6.2065924175008504
datasets/dataset/A1b_multisine_sysid_rep1.csv,legacy_propellers_firmware,body_rate,0.1,z,rad/s,129,0,-0.19692170034403234,0.5445737776317631
datasets/dataset/A1b_multisine_sysid_rep1.csv,legacy_propellers_firmware,attitude_angle,0.1,angle,rad,129,0,0.41224434755203154,0.4666617302106755
datasets/dataset/A1b_multisine_sysid_rep1.csv,legacy_propellers_firmware,position,0.25,x,m,129,0,-0.05148730485716637,0.07734088009216857
datasets/dataset/A1b_multisine_sysid_rep1.csv,legacy_propellers_firmware,position,0.25,y,m,129,0,-0.012273379264062394,0.0788812695510777
datasets/dataset/A1b_multisine_sysid_rep1.csv,legacy_propellers_firmware,position,0.25,z,m,129,0,0.002157385781977093,0.04108104734715201
datasets/dataset/A1b_multisine_sysid_rep1.csv,legacy_propellers_firmware,velocity,0.25,x,m/s,129,0,-0.7035997644623522,0.9884684499624464
datasets/dataset/A1b_multisine_sysid_rep1.csv,legacy_propellers_firmware,velocity,0.25,y,m/s,129,0,-0.10784957056427219,0.8997993188433244
datasets/dataset/A1b_multisine_sysid_rep1.csv,legacy_propellers_firmware,velocity,0.25,z,m/s,129,0,-0.5225951269755637,0.8457886137926002
datasets/dataset/A1b_multisine_sysid_rep1.csv,legacy_propellers_firmware,body_rate,0.25,x,rad/s,129,0,2.7799635809705654,9.44880885955997
datasets/dataset/A1b_multisine_sysid_rep1.csv,legacy_propellers_firmware,body_rate,0.25,y,rad/s,129,0,-10.449150087171974,13.042093087062016
datasets/dataset/A1b_multisine_sysid_rep1.csv,legacy_propellers_firmware,body_rate,0.25,z,rad/s,129,0,-0.42142416614934786,1.3221991232513637
datasets/dataset/A1b_multisine_sysid_rep1.csv,legacy_propellers_firmware,attitude_angle,0.25,angle,rad,129,0,1.7372828805197111,1.8899758929974853
datasets/dataset/A1b_multisine_sysid_rep1.csv,legacy_propellers_firmware,position,0.5,x,m,129,0,-0.2684866644926351,0.38790142165991287
datasets/dataset/A1b_multisine_sysid_rep1.csv,legacy_propellers_firmware,position,0.5,y,m,129,0,-0.021832554175587517,0.3585453137603117
datasets/dataset/A1b_multisine_sysid_rep1.csv,legacy_propellers_firmware,position,0.5,z,m,129,0,-0.4772252061373084,0.5443718086829733
datasets/dataset/A1b_multisine_sysid_rep1.csv,legacy_propellers_firmware,velocity,0.5,x,m/s,129,0,-0.8300806956638013,1.4211080038954254
datasets/dataset/A1b_multisine_sysid_rep1.csv,legacy_propellers_firmware,velocity,0.5,y,m/s,129,0,0.011163000207532407,1.3777028737314505
datasets/dataset/A1b_multisine_sysid_rep1.csv,legacy_propellers_firmware,velocity,0.5,z,m/s,129,0,-3.2276540523981563,3.410591284690351
datasets/dataset/A1b_multisine_sysid_rep1.csv,legacy_propellers_firmware,body_rate,0.5,x,rad/s,129,0,4.166710011031786,17.732097209244774
datasets/dataset/A1b_multisine_sysid_rep1.csv,legacy_propellers_firmware,body_rate,0.5,y,rad/s,129,0,-19.282327080058373,23.284566432263084
datasets/dataset/A1b_multisine_sysid_rep1.csv,legacy_propellers_firmware,body_rate,0.5,z,rad/s,129,0,-0.9822440741205137,2.537885423735948
datasets/dataset/A1b_multisine_sysid_rep1.csv,legacy_propellers_firmware,attitude_angle,0.5,angle,rad,129,0,1.715701583675014,1.8555106714529626
datasets/dataset/A1b_multisine_sysid_rep1.csv,persistence,body_specific_force,0,x,m/s^2,6452,0,-6.8911859376937525e-06,0.010525814493757614
datasets/dataset/A1b_multisine_sysid_rep1.csv,persistence,body_specific_force,0,y,m/s^2,6452,0,-1.9387433390632894e-06,0.01305706994100406
datasets/dataset/A1b_multisine_sysid_rep1.csv,persistence,body_specific_force,0,z,m/s^2,6452,0,-5.090532240094716e-05,0.039209107978454505
datasets/dataset/A1b_multisine_sysid_rep1.csv,persistence,angular_acceleration_diagnostic,0,x,rad/s^2,6452,0,-0.0022435777618588504,20.053256816249426
datasets/dataset/A1b_multisine_sysid_rep1.csv,persistence,angular_acceleration_diagnostic,0,y,rad/s^2,6452,0,0.0031036887559409854,15.67751214762734
datasets/dataset/A1b_multisine_sysid_rep1.csv,persistence,angular_acceleration_diagnostic,0,z,rad/s^2,6452,0,-0.005408514830195677,0.9674311465583322
datasets/dataset/A1b_multisine_sysid_rep1.csv,persistence,position,0.1,x,m,129,0,0.00013498702229221873,0.0067556205777901486
datasets/dataset/A1b_multisine_sysid_rep1.csv,persistence,position,0.1,y,m,129,0,3.272652795185266e-05,0.007140581761077967
datasets/dataset/A1b_multisine_sysid_rep1.csv,persistence,position,0.1,z,m,129,0,0.000220707973629914,0.002767515646881143
datasets/dataset/A1b_multisine_sysid_rep1.csv,persistence,velocity,0.1,x,m/s,129,0,0.003375050635658919,0.13520163601293564
datasets/dataset/A1b_multisine_sysid_rep1.csv,persistence,velocity,0.1,y,m/s,129,0,0.000465036155038761,0.14147736202571598
datasets/dataset/A1b_multisine_sysid_rep1.csv,persistence,velocity,0.1,z,m/s,129,0,0.004188994519379846,0.055857308296255966
datasets/dataset/A1b_multisine_sysid_rep1.csv,persistence,body_rate,0.1,x,rad/s,129,0,-0.012061464178294599,2.0702702267687396
datasets/dataset/A1b_multisine_sysid_rep1.csv,persistence,body_rate,0.1,y,rad/s,129,0,-0.08295290627131782,1.656316219268552
datasets/dataset/A1b_multisine_sysid_rep1.csv,persistence,body_rate,0.1,z,rad/s,129,0,-0.001750746682170543,0.09586941707242005
datasets/dataset/A1b_multisine_sysid_rep1.csv,persistence,attitude_angle,0.1,angle,rad,129,0,0.1366068913047976,0.15712603788460797
datasets/dataset/A1b_multisine_sysid_rep1.csv,persistence,position,0.25,x,m,129,0,0.0008532947511636075,0.03987203426739449
datasets/dataset/A1b_multisine_sysid_rep1.csv,persistence,position,0.25,y,m,129,0,9.187117540158505e-05,0.04185484917003037
datasets/dataset/A1b_multisine_sysid_rep1.csv,persistence,position,0.25,z,m,129,0,0.0012061105890508203,0.016555224538191134
datasets/dataset/A1b_multisine_sysid_rep1.csv,persistence,velocity,0.25,x,m/s,129,0,0.003995607868217053,0.3089718269542275
datasets/dataset/A1b_multisine_sysid_rep1.csv,persistence,velocity,0.25,y,m/s,129,0,0.0002618723720930267,0.3247759264557705
datasets/dataset/A1b_multisine_sysid_rep1.csv,persistence,velocity,0.25,z,m/s,129,0,0.008090403767441861,0.12983762287062275
datasets/dataset/A1b_multisine_sysid_rep1.csv,persistence,body_rate,0.25,x,rad/s,129,0,0.001754052457364298,1.730790061033122
datasets/dataset/A1b_multisine_sysid_rep1.csv,persistence,body_rate,0.25,y,rad/s,129,0,-0.08070709055038762,2.0646490065240553
datasets/dataset/A1b_multisine_sysid_rep1.csv,persistence,body_rate,0.25,z,rad/s,129,0,0.005335732627906973,0.17004182222460895
datasets/dataset/A1b_multisine_sysid_rep1.csv,persistence,attitude_angle,0.25,angle,rad,129,0,0.4452079406158894,0.5124573821227005
datasets/dataset/A1b_multisine_sysid_rep1.csv,persistence,position,0.5,x,m,129,0,0.0011593439949003537,0.13241033363013302
datasets/dataset/A1b_multisine_sysid_rep1.csv,persistence,position,0.5,y,m,129,0,-8.798320011354958e-05,0.14338655273490183
datasets/dataset/A1b_multisine_sysid_rep1.csv,persistence,position,0.5,z,m,129,0,0.0033074624699273355,0.059742090600281225
datasets/dataset/A1b_multisine_sysid_rep1.csv,persistence,velocity,0.5,x,m/s,129,0,-0.00037478758914729986,0.4645681528895459
datasets/dataset/A1b_multisine_sysid_rep1.csv,persistence,velocity,0.5,y,m/s,129,0,-0.0003654307441860469,0.519937333938133
datasets/dataset/A1b_multisine_sysid_rep1.csv,persistence,velocity,0.5,z,m/s,129,0,0.01040648162015504,0.22410281784991004
datasets/dataset/A1b_multisine_sysid_rep1.csv,persistence,body_rate,0.5,x,rad/s,129,0,-0.0016127922403100525,1.6035895019362063
datasets/dataset/A1b_multisine_sysid_rep1.csv,persistence,body_rate,0.5,y,rad/s,129,0,0.001506673775193799,2.413885505311306
datasets/dataset/A1b_multisine_sysid_rep1.csv,persistence,body_rate,0.5,z,rad/s,129,0,-0.0025137298682170557,0.24027917525293183
datasets/dataset/A1b_multisine_sysid_rep1.csv,persistence,attitude_angle,0.5,angle,rad,129,0,0.9125373936032237,1.0726885622233586
datasets/dataset/A1b_multisine_sysid_rep1.csv,frame_check,vicon_body_rate_minus_imu,0,x,rad/s,6452,0,-0.00995720139336922,0.34183023782879307
datasets/dataset/A1b_multisine_sysid_rep1.csv,frame_check,vicon_body_rate_minus_imu,0,y,rad/s,6452,0,-0.00477961423722972,0.2586007692649431
datasets/dataset/A1b_multisine_sysid_rep1.csv,frame_check,vicon_body_rate_minus_imu,0,z,rad/s,6452,0,-0.002084067649444037,0.34655024015901514
datasets/dataset/A1b_multisine_sysid_rep2.csv,cf21plus_firmware,body_specific_force,0,x,m/s^2,6464,0,-0.03146878246037621,0.14263759972405957
datasets/dataset/A1b_multisine_sysid_rep2.csv,cf21plus_firmware,body_specific_force,0,y,m/s^2,6464,0,0.054754589695015475,0.1604039980284035
datasets/dataset/A1b_multisine_sysid_rep2.csv,cf21plus_firmware,body_specific_force,0,z,m/s^2,6464,0,0.9326454873405841,0.9959350065961038
datasets/dataset/A1b_multisine_sysid_rep2.csv,cf21plus_firmware,angular_acceleration_diagnostic,0,x,rad/s^2,6464,0,34.764312616209985,71.68191342349722
datasets/dataset/A1b_multisine_sysid_rep2.csv,cf21plus_firmware,angular_acceleration_diagnostic,0,y,rad/s^2,6464,0,-50.39475680194339,66.8645428161493
datasets/dataset/A1b_multisine_sysid_rep2.csv,cf21plus_firmware,angular_acceleration_diagnostic,0,z,rad/s^2,6464,0,0.031449250326149654,5.8934005033982775
datasets/dataset/A1b_multisine_sysid_rep2.csv,cf21plus_firmware,position,0.1,x,m,126,0,-0.0006233188346580639,0.002849275193176989
datasets/dataset/A1b_multisine_sysid_rep2.csv,cf21plus_firmware,position,0.1,y,m,126,0,-0.0012848769679952828,0.004062935052886098
datasets/dataset/A1b_multisine_sysid_rep2.csv,cf21plus_firmware,position,0.1,z,m,126,0,0.004247275304069159,0.004734592605919744
datasets/dataset/A1b_multisine_sysid_rep2.csv,cf21plus_firmware,velocity,0.1,x,m/s,126,0,-0.05643495808823927,0.09786810854959109
datasets/dataset/A1b_multisine_sysid_rep2.csv,cf21plus_firmware,velocity,0.1,y,m/s,126,0,-0.05389800222051001,0.13128758479137165
datasets/dataset/A1b_multisine_sysid_rep2.csv,cf21plus_firmware,velocity,0.1,z,m/s,126,0,0.07641442808446589,0.0892782972144817
datasets/dataset/A1b_multisine_sysid_rep2.csv,cf21plus_firmware,body_rate,0.1,x,rad/s,126,0,3.115977274690917,6.7099723968829315
datasets/dataset/A1b_multisine_sysid_rep2.csv,cf21plus_firmware,body_rate,0.1,y,rad/s,126,0,-5.027675423902334,6.653928386531106
datasets/dataset/A1b_multisine_sysid_rep2.csv,cf21plus_firmware,body_rate,0.1,z,rad/s,126,0,-0.05821916809524455,0.5841501643682979
datasets/dataset/A1b_multisine_sysid_rep2.csv,cf21plus_firmware,attitude_angle,0.1,angle,rad,126,0,0.4430782101489129,0.5044573708171892
datasets/dataset/A1b_multisine_sysid_rep2.csv,cf21plus_firmware,position,0.25,x,m,126,0,-0.05782669883241001,0.07631078001799373
datasets/dataset/A1b_multisine_sysid_rep2.csv,cf21plus_firmware,position,0.25,y,m,126,0,-0.037150274982111674,0.07447749379955335
datasets/dataset/A1b_multisine_sysid_rep2.csv,cf21plus_firmware,position,0.25,z,m,126,0,-0.023956439933412284,0.05188242478681527
datasets/dataset/A1b_multisine_sysid_rep2.csv,cf21plus_firmware,velocity,0.25,x,m/s,126,0,-0.7692942810510782,0.9781675314354403
datasets/dataset/A1b_multisine_sysid_rep2.csv,cf21plus_firmware,velocity,0.25,y,m/s,126,0,-0.4341148706080025,0.7937917393091161
datasets/dataset/A1b_multisine_sysid_rep2.csv,cf21plus_firmware,velocity,0.25,z,m/s,126,0,-0.791835993102032,1.0590330318728216
datasets/dataset/A1b_multisine_sysid_rep2.csv,cf21plus_firmware,body_rate,0.25,x,rad/s,126,0,8.77236090986985,11.262428317274315
datasets/dataset/A1b_multisine_sysid_rep2.csv,cf21plus_firmware,body_rate,0.25,y,rad/s,126,0,-12.852729728393767,14.520797945064528
datasets/dataset/A1b_multisine_sysid_rep2.csv,cf21plus_firmware,body_rate,0.25,z,rad/s,126,0,-0.0031472924606784354,1.2695525198673918
datasets/dataset/A1b_multisine_sysid_rep2.csv,cf21plus_firmware,attitude_angle,0.25,angle,rad,126,0,1.9873952321265047,2.105017588303722
datasets/dataset/A1b_multisine_sysid_rep2.csv,cf21plus_firmware,position,0.5,x,m,126,0,-0.25571767639196535,0.332499238341507
datasets/dataset/A1b_multisine_sysid_rep2.csv,cf21plus_firmware,position,0.5,y,m,126,0,-0.16065093352603713,0.2841193685411027
datasets/dataset/A1b_multisine_sysid_rep2.csv,cf21plus_firmware,position,0.5,z,m,126,0,-0.5985830143594454,0.6408895485988705
datasets/dataset/A1b_multisine_sysid_rep2.csv,cf21plus_firmware,velocity,0.5,x,m/s,126,0,-0.7031724095115777,1.0482828952678953
datasets/dataset/A1b_multisine_sysid_rep2.csv,cf21plus_firmware,velocity,0.5,y,m/s,126,0,-0.4530139598077994,1.0017166100961992
datasets/dataset/A1b_multisine_sysid_rep2.csv,cf21plus_firmware,velocity,0.5,z,m/s,126,0,-3.5475027024631944,3.615790367657887
datasets/dataset/A1b_multisine_sysid_rep2.csv,cf21plus_firmware,body_rate,0.5,x,rad/s,126,0,17.094141881049413,21.094835364837635
datasets/dataset/A1b_multisine_sysid_rep2.csv,cf21plus_firmware,body_rate,0.5,y,rad/s,126,0,-24.120462084135067,26.741138660409735
datasets/dataset/A1b_multisine_sysid_rep2.csv,cf21plus_firmware,body_rate,0.5,z,rad/s,126,0,0.012550471830341374,2.4200185022340044
datasets/dataset/A1b_multisine_sysid_rep2.csv,cf21plus_firmware,attitude_angle,0.5,angle,rad,126,0,1.7376046531416016,1.905981385147747
datasets/dataset/A1b_multisine_sysid_rep2.csv,thrust_upgrade_firmware,body_specific_force,0,x,m/s^2,6464,0,-0.03146878246037621,0.14263759972405957
datasets/dataset/A1b_multisine_sysid_rep2.csv,thrust_upgrade_firmware,body_specific_force,0,y,m/s^2,6464,0,0.054754589695015475,0.1604039980284035
datasets/dataset/A1b_multisine_sysid_rep2.csv,thrust_upgrade_firmware,body_specific_force,0,z,m/s^2,6464,0,9.947968326488255,9.97822571990972
datasets/dataset/A1b_multisine_sysid_rep2.csv,thrust_upgrade_firmware,angular_acceleration_diagnostic,0,x,rad/s^2,6464,0,59.368835188652604,124.44626455368429
datasets/dataset/A1b_multisine_sysid_rep2.csv,thrust_upgrade_firmware,angular_acceleration_diagnostic,0,y,rad/s^2,6464,0,-85.69150102235554,115.84530172818896
datasets/dataset/A1b_multisine_sysid_rep2.csv,thrust_upgrade_firmware,angular_acceleration_diagnostic,0,z,rad/s^2,6464,0,-0.10953662682231682,7.424802377865927
datasets/dataset/A1b_multisine_sysid_rep2.csv,thrust_upgrade_firmware,position,0.1,x,m,126,0,-0.0038372727805998917,0.009497378002511854
datasets/dataset/A1b_multisine_sysid_rep2.csv,thrust_upgrade_firmware,position,0.1,y,m,126,0,-0.004110594466414066,0.012975405046711306
datasets/dataset/A1b_multisine_sysid_rep2.csv,thrust_upgrade_firmware,position,0.1,z,m,126,0,0.04653962274964781,0.04682211894548255
datasets/dataset/A1b_multisine_sysid_rep2.csv,thrust_upgrade_firmware,velocity,0.1,x,m/s,126,0,-0.20487139113216196,0.30876185122367006
datasets/dataset/A1b_multisine_sysid_rep2.csv,thrust_upgrade_firmware,velocity,0.1,y,m/s,126,0,-0.15846834898898635,0.40671539978846705
datasets/dataset/A1b_multisine_sysid_rep2.csv,thrust_upgrade_firmware,velocity,0.1,z,m/s,126,0,0.8591877265043439,0.8741086180934091
datasets/dataset/A1b_multisine_sysid_rep2.csv,thrust_upgrade_firmware,body_rate,0.1,x,rad/s,126,0,5.353771906767377,12.101370135677561
datasets/dataset/A1b_multisine_sysid_rep2.csv,thrust_upgrade_firmware,body_rate,0.1,y,rad/s,126,0,-8.500700094388092,11.677718859020287
datasets/dataset/A1b_multisine_sysid_rep2.csv,thrust_upgrade_firmware,body_rate,0.1,z,rad/s,126,0,-0.08648837415184168,0.7435731512319365
datasets/dataset/A1b_multisine_sysid_rep2.csv,thrust_upgrade_firmware,attitude_angle,0.1,angle,rad,126,0,0.7903537740502302,0.895993995135758
datasets/dataset/A1b_multisine_sysid_rep2.csv,thrust_upgrade_firmware,position,0.25,x,m,126,0,-0.11856862971621993,0.1571184086751884
datasets/dataset/A1b_multisine_sysid_rep2.csv,thrust_upgrade_firmware,position,0.25,y,m,126,0,-0.06007397724363116,0.1396995275396455
datasets/dataset/A1b_multisine_sysid_rep2.csv,thrust_upgrade_firmware,position,0.25,z,m,126,0,0.1059237377971895,0.15884385591514058
datasets/dataset/A1b_multisine_sysid_rep2.csv,thrust_upgrade_firmware,velocity,0.25,x,m/s,126,0,-1.0861066942392843,1.5593807703345963
datasets/dataset/A1b_multisine_sysid_rep2.csv,thrust_upgrade_firmware,velocity,0.25,y,m/s,126,0,-0.46380525529662064,1.1003978425890948
datasets/dataset/A1b_multisine_sysid_rep2.csv,thrust_upgrade_firmware,velocity,0.25,z,m/s,126,0,-0.4985316990517734,1.3384609924409483
datasets/dataset/A1b_multisine_sysid_rep2.csv,thrust_upgrade_firmware,body_rate,0.25,x,rad/s,126,0,14.85783867284563,19.39921305848791
datasets/dataset/A1b_multisine_sysid_rep2.csv,thrust_upgrade_firmware,body_rate,0.25,y,rad/s,126,0,-21.856113057803586,24.982348279114664
datasets/dataset/A1b_multisine_sysid_rep2.csv,thrust_upgrade_firmware,body_rate,0.25,z,rad/s,126,0,-0.04469461631211409,1.6018567270356947
datasets/dataset/A1b_multisine_sysid_rep2.csv,thrust_upgrade_firmware,attitude_angle,0.25,angle,rad,126,0,2.054086371897084,2.1882619497042612
datasets/dataset/A1b_multisine_sysid_rep2.csv,thrust_upgrade_firmware,position,0.5,x,m,126,0,-0.3786656102315341,0.5106790121302431
datasets/dataset/A1b_multisine_sysid_rep2.csv,thrust_upgrade_firmware,position,0.5,y,m,126,0,-0.17479111746250864,0.40930559238119457
datasets/dataset/A1b_multisine_sysid_rep2.csv,thrust_upgrade_firmware,position,0.5,z,m,126,0,-0.32038365783659595,0.5194100675876862
datasets/dataset/A1b_multisine_sysid_rep2.csv,thrust_upgrade_firmware,velocity,0.5,x,m/s,126,0,-1.0660811634855172,1.588136413541214
datasets/dataset/A1b_multisine_sysid_rep2.csv,thrust_upgrade_firmware,velocity,0.5,y,m/s,126,0,-0.4539172025394859,1.3012252878457344
datasets/dataset/A1b_multisine_sysid_rep2.csv,thrust_upgrade_firmware,velocity,0.5,z,m/s,126,0,-2.892370217267959,3.1655642018643584
datasets/dataset/A1b_multisine_sysid_rep2.csv,thrust_upgrade_firmware,body_rate,0.5,x,rad/s,126,0,28.339973139366368,36.02620584713041
datasets/dataset/A1b_multisine_sysid_rep2.csv,thrust_upgrade_firmware,body_rate,0.5,y,rad/s,126,0,-40.59656419213345,45.592726103967166
datasets/dataset/A1b_multisine_sysid_rep2.csv,thrust_upgrade_firmware,body_rate,0.5,z,rad/s,126,0,-0.05884613490213942,3.0465454365085685
datasets/dataset/A1b_multisine_sysid_rep2.csv,thrust_upgrade_firmware,attitude_angle,0.5,angle,rad,126,0,1.917976492473081,2.055982132978997
datasets/dataset/A1b_multisine_sysid_rep2.csv,legacy_propellers_firmware,body_specific_force,0,x,m/s^2,6464,0,-0.03146878246037621,0.14263759972405957
datasets/dataset/A1b_multisine_sysid_rep2.csv,legacy_propellers_firmware,body_specific_force,0,y,m/s^2,6464,0,0.054754589695015475,0.1604039980284035
datasets/dataset/A1b_multisine_sysid_rep2.csv,legacy_propellers_firmware,body_specific_force,0,z,m/s^2,6464,0,1.7782725485581838,1.824680550070856
datasets/dataset/A1b_multisine_sysid_rep2.csv,legacy_propellers_firmware,angular_acceleration_diagnostic,0,x,rad/s^2,6464,0,38.727845520742356,80.08891666929911
datasets/dataset/A1b_multisine_sysid_rep2.csv,legacy_propellers_firmware,angular_acceleration_diagnostic,0,y,rad/s^2,6464,0,-56.102614405614695,74.71073317975548
datasets/dataset/A1b_multisine_sysid_rep2.csv,legacy_propellers_firmware,angular_acceleration_diagnostic,0,z,rad/s^2,6464,0,0.0103382149148762,6.928371028422865
datasets/dataset/A1b_multisine_sysid_rep2.csv,legacy_propellers_firmware,position,0.1,x,m,126,0,-0.0009369352039826345,0.003399229613034296
datasets/dataset/A1b_multisine_sysid_rep2.csv,legacy_propellers_firmware,position,0.1,y,m,126,0,-0.0015589727090912701,0.004838104731104337
datasets/dataset/A1b_multisine_sysid_rep2.csv,legacy_propellers_firmware,position,0.1,z,m,126,0,0.0082409937250023,0.008601185888880866
datasets/dataset/A1b_multisine_sysid_rep2.csv,legacy_propellers_firmware,velocity,0.1,x,m/s,126,0,-0.07112919026109042,0.11758117305511241
datasets/dataset/A1b_multisine_sysid_rep2.csv,legacy_propellers_firmware,velocity,0.1,y,m/s,126,0,-0.06441336780218457,0.15762572310237996
datasets/dataset/A1b_multisine_sysid_rep2.csv,legacy_propellers_firmware,velocity,0.1,z,m/s,126,0,0.1518091168283581,0.1620703446836654
datasets/dataset/A1b_multisine_sysid_rep2.csv,legacy_propellers_firmware,body_rate,0.1,x,rad/s,126,0,3.4736909963051508,7.565266229751755
datasets/dataset/A1b_multisine_sysid_rep2.csv,legacy_propellers_firmware,body_rate,0.1,y,rad/s,126,0,-5.588510346007523,7.453152748778189
datasets/dataset/A1b_multisine_sysid_rep2.csv,legacy_propellers_firmware,body_rate,0.1,z,rad/s,126,0,-0.07114582419365151,0.6902003809413578
datasets/dataset/A1b_multisine_sysid_rep2.csv,legacy_propellers_firmware,attitude_angle,0.1,angle,rad,126,0,0.49789502965120375,0.5664208917465515
datasets/dataset/A1b_multisine_sysid_rep2.csv,legacy_propellers_firmware,position,0.25,x,m,126,0,-0.06543453109332621,0.08603901978239936
datasets/dataset/A1b_multisine_sysid_rep2.csv,legacy_propellers_firmware,position,0.25,y,m,126,0,-0.040354760007544246,0.08249308426531443
datasets/dataset/A1b_multisine_sysid_rep2.csv,legacy_propellers_firmware,position,0.25,z,m,126,0,-0.013273952357328214,0.05695347314841486
datasets/dataset/A1b_multisine_sysid_rep2.csv,legacy_propellers_firmware,velocity,0.25,x,m/s,126,0,-0.8154135092994751,1.0563550107956976
datasets/dataset/A1b_multisine_sysid_rep2.csv,legacy_propellers_firmware,velocity,0.25,y,m/s,126,0,-0.43632229939004813,0.8314508552889606
datasets/dataset/A1b_multisine_sysid_rep2.csv,legacy_propellers_firmware,velocity,0.25,z,m/s,126,0,-0.817757661225961,1.1360733571256492
datasets/dataset/A1b_multisine_sysid_rep2.csv,legacy_propellers_firmware,body_rate,0.25,x,rad/s,126,0,9.750018806816895,12.585971758186938
datasets/dataset/A1b_multisine_sysid_rep2.csv,legacy_propellers_firmware,body_rate,0.25,y,rad/s,126,0,-14.296944192720336,16.195266167583853
datasets/dataset/A1b_multisine_sysid_rep2.csv,legacy_propellers_firmware,body_rate,0.25,z,rad/s,126,0,-0.012408765540289177,1.495886964130358
datasets/dataset/A1b_multisine_sysid_rep2.csv,legacy_propellers_firmware,attitude_angle,0.25,angle,rad,126,0,2.0861365750875227,2.203409673254886
datasets/dataset/A1b_multisine_sysid_rep2.csv,legacy_propellers_firmware,position,0.5,x,m,126,0,-0.2596921758495255,0.3442658873183472
datasets/dataset/A1b_multisine_sysid_rep2.csv,legacy_propellers_firmware,position,0.5,y,m,126,0,-0.15762406569334847,0.29410004399996664
datasets/dataset/A1b_multisine_sysid_rep2.csv,legacy_propellers_firmware,position,0.5,z,m,126,0,-0.5798440216977986,0.6304075069612989
datasets/dataset/A1b_multisine_sysid_rep2.csv,legacy_propellers_firmware,velocity,0.5,x,m/s,126,0,-0.7264131386921615,1.0963186831749072
datasets/dataset/A1b_multisine_sysid_rep2.csv,legacy_propellers_firmware,velocity,0.5,y,m/s,126,0,-0.4370708491112522,1.0088659642981013
datasets/dataset/A1b_multisine_sysid_rep2.csv,legacy_propellers_firmware,velocity,0.5,z,m/s,126,0,-3.4725713713735713,3.5586097315993657
datasets/dataset/A1b_multisine_sysid_rep2.csv,legacy_propellers_firmware,body_rate,0.5,x,rad/s,126,0,18.825674130200266,23.668446578165906
datasets/dataset/A1b_multisine_sysid_rep2.csv,legacy_propellers_firmware,body_rate,0.5,y,rad/s,126,0,-26.53846097314148,29.625927220137665
datasets/dataset/A1b_multisine_sysid_rep2.csv,legacy_propellers_firmware,body_rate,0.5,z,rad/s,126,0,0.001517326159587091,2.8426052736914365
datasets/dataset/A1b_multisine_sysid_rep2.csv,legacy_propellers_firmware,attitude_angle,0.5,angle,rad,126,0,1.8756300403931352,2.0165616452172395
datasets/dataset/A1b_multisine_sysid_rep2.csv,persistence,body_specific_force,0,x,m/s^2,6464,0,-6.279049272333483e-06,0.010508458206435829
datasets/dataset/A1b_multisine_sysid_rep2.csv,persistence,body_specific_force,0,y,m/s^2,6464,0,-5.581299777509009e-06,0.013666981424907097
datasets/dataset/A1b_multisine_sysid_rep2.csv,persistence,body_specific_force,0,z,m/s^2,6464,0,9.874688674744e-05,0.03309614273636661
datasets/dataset/A1b_multisine_sysid_rep2.csv,persistence,angular_acceleration_diagnostic,0,x,rad/s^2,6464,0,0.0005212724034820113,20.930435756915422
datasets/dataset/A1b_multisine_sysid_rep2.csv,persistence,angular_acceleration_diagnostic,0,y,rad/s^2,6464,0,-0.009587182468742532,15.91573966171017
datasets/dataset/A1b_multisine_sysid_rep2.csv,persistence,angular_acceleration_diagnostic,0,z,rad/s^2,6464,0,-0.0036873516773552376,1.0208338601185087
datasets/dataset/A1b_multisine_sysid_rep2.csv,persistence,position,0.1,x,m,126,0,4.148597123582184e-05,0.006863869920330399
datasets/dataset/A1b_multisine_sysid_rep2.csv,persistence,position,0.1,y,m,126,0,3.9324615450194475e-05,0.0070388860316264725
datasets/dataset/A1b_multisine_sysid_rep2.csv,persistence,position,0.1,z,m,126,0,0.00026876305061349656,0.002474635558723369
datasets/dataset/A1b_multisine_sysid_rep2.csv,persistence,velocity,0.1,x,m/s,126,0,0.001475607539682539,0.13701283607089298
datasets/dataset/A1b_multisine_sysid_rep2.csv,persistence,velocity,0.1,y,m/s,126,0,0.0006108340238095254,0.13921519233573978
datasets/dataset/A1b_multisine_sysid_rep2.csv,persistence,velocity,0.1,z,m/s,126,0,0.0055355251984127,0.05048682895681886
datasets/dataset/A1b_multisine_sysid_rep2.csv,persistence,body_rate,0.1,x,rad/s,126,0,0.028447768642857134,2.343505373252809
datasets/dataset/A1b_multisine_sysid_rep2.csv,persistence,body_rate,0.1,y,rad/s,126,0,-0.07493210305555552,1.7094887260027236
datasets/dataset/A1b_multisine_sysid_rep2.csv,persistence,body_rate,0.1,z,rad/s,126,0,0.004668818896825399,0.11427074252701824
datasets/dataset/A1b_multisine_sysid_rep2.csv,persistence,attitude_angle,0.1,angle,rad,126,0,0.16071258172168953,0.18599933113750336
datasets/dataset/A1b_multisine_sysid_rep2.csv,persistence,position,0.25,x,m,126,0,0.0003655353550822174,0.0404882539956628
datasets/dataset/A1b_multisine_sysid_rep2.csv,persistence,position,0.25,y,m,126,0,6.894813133461723e-05,0.04100778256848522
datasets/dataset/A1b_multisine_sysid_rep2.csv,persistence,position,0.25,z,m,126,0,0.0016430750722653013,0.0153002848198816
datasets/dataset/A1b_multisine_sysid_rep2.csv,persistence,velocity,0.25,x,m/s,126,0,0.0020708977222222173,0.31307672369104983
datasets/dataset/A1b_multisine_sysid_rep2.csv,persistence,velocity,0.25,y,m/s,126,0,-0.0002477512222222183,0.31780318733277096
datasets/dataset/A1b_multisine_sysid_rep2.csv,persistence,velocity,0.25,z,m/s,126,0,0.011025142198412698,0.11953995416668603
datasets/dataset/A1b_multisine_sysid_rep2.csv,persistence,body_rate,0.25,x,rad/s,126,0,0.09169346817460318,1.8376836366568907
datasets/dataset/A1b_multisine_sysid_rep2.csv,persistence,body_rate,0.25,y,rad/s,126,0,-0.039817239190476174,2.142604249856997
datasets/dataset/A1b_multisine_sysid_rep2.csv,persistence,body_rate,0.25,z,rad/s,126,0,0.011341092150793649,0.1862172059176274
datasets/dataset/A1b_multisine_sysid_rep2.csv,persistence,attitude_angle,0.25,angle,rad,126,0,0.48454394978629334,0.5568198086398835
datasets/dataset/A1b_multisine_sysid_rep2.csv,persistence,position,0.5,x,m,126,0,0.0001509050073001775,0.1343784182208072
datasets/dataset/A1b_multisine_sysid_rep2.csv,persistence,position,0.5,y,m,126,0,-0.0003588027706236115,0.1408407401310976
datasets/dataset/A1b_multisine_sysid_rep2.csv,persistence,position,0.5,z,m,126,0,0.004180853660560886,0.05443102606224729
datasets/dataset/A1b_multisine_sysid_rep2.csv,persistence,velocity,0.5,x,m/s,126,0,-0.002511641833333331,0.46768578595191046
datasets/dataset/A1b_multisine_sysid_rep2.csv,persistence,velocity,0.5,y,m/s,126,0,-0.00255829045238095,0.5145854958327701
datasets/dataset/A1b_multisine_sysid_rep2.csv,persistence,velocity,0.5,z,m/s,126,0,0.010972640460317462,0.20007890148895632
datasets/dataset/A1b_multisine_sysid_rep2.csv,persistence,body_rate,0.5,x,rad/s,126,0,-0.007205323730158743,1.7185006162212473
datasets/dataset/A1b_multisine_sysid_rep2.csv,persistence,body_rate,0.5,y,rad/s,126,0,0.0011542805158730306,2.486755102849328
datasets/dataset/A1b_multisine_sysid_rep2.csv,persistence,body_rate,0.5,z,rad/s,126,0,-0.0024650381269841273,0.24637714931946042
datasets/dataset/A1b_multisine_sysid_rep2.csv,persistence,attitude_angle,0.5,angle,rad,126,0,0.968067660450174,1.1313812672908883
datasets/dataset/A1b_multisine_sysid_rep2.csv,frame_check,vicon_body_rate_minus_imu,0,x,rad/s,6464,0,0.013490671811784196,0.46941361162835843
datasets/dataset/A1b_multisine_sysid_rep2.csv,frame_check,vicon_body_rate_minus_imu,0,y,rad/s,6464,0,0.002643159241338797,0.3607088956003424
datasets/dataset/A1b_multisine_sysid_rep2.csv,frame_check,vicon_body_rate_minus_imu,0,z,rad/s,6464,0,-0.001213933124346488,0.3563720643193655
datasets/dataset/B7_oval_fast_rep1.csv,cf21plus_firmware,body_specific_force,0,x,m/s^2,3384,0,-0.05709860458590183,0.32391827831285375
datasets/dataset/B7_oval_fast_rep1.csv,cf21plus_firmware,body_specific_force,0,y,m/s^2,3384,0,0.03158807060519342,0.15248022885291707
datasets/dataset/B7_oval_fast_rep1.csv,cf21plus_firmware,body_specific_force,0,z,m/s^2,3384,0,0.8147711564722506,0.8321947996028886
datasets/dataset/B7_oval_fast_rep1.csv,cf21plus_firmware,angular_acceleration_diagnostic,0,x,rad/s^2,3384,0,35.71210480589822,41.82661446876425
datasets/dataset/B7_oval_fast_rep1.csv,cf21plus_firmware,angular_acceleration_diagnostic,0,y,rad/s^2,3384,0,-69.0686073094411,83.21758585457403
datasets/dataset/B7_oval_fast_rep1.csv,cf21plus_firmware,angular_acceleration_diagnostic,0,z,rad/s^2,3384,0,1.4680299533362398,2.7918341037719467
datasets/dataset/B7_oval_fast_rep1.csv,cf21plus_firmware,position,0.1,x,m,64,0,-0.002167863081094817,0.004300802493709668
datasets/dataset/B7_oval_fast_rep1.csv,cf21plus_firmware,position,0.1,y,m,64,0,-0.0010927643219750796,0.0019775226390154575
datasets/dataset/B7_oval_fast_rep1.csv,cf21plus_firmware,position,0.1,z,m,64,0,0.0038073245729471003,0.003930193130738997
datasets/dataset/B7_oval_fast_rep1.csv,cf21plus_firmware,velocity,0.1,x,m/s,64,0,-0.09931918530400319,0.14920696532834563
datasets/dataset/B7_oval_fast_rep1.csv,cf21plus_firmware,velocity,0.1,y,m/s,64,0,-0.052844965886636806,0.07336211010158343
datasets/dataset/B7_oval_fast_rep1.csv,cf21plus_firmware,velocity,0.1,z,m/s,64,0,0.06128588555702598,0.06822021296196515
datasets/dataset/B7_oval_fast_rep1.csv,cf21plus_firmware,body_rate,0.1,x,rad/s,64,0,3.514725769962803,4.147158058183401
datasets/dataset/B7_oval_fast_rep1.csv,cf21plus_firmware,body_rate,0.1,y,rad/s,64,0,-6.5684007275622855,8.11106230883215
datasets/dataset/B7_oval_fast_rep1.csv,cf21plus_firmware,body_rate,0.1,z,rad/s,64,0,0.14645044838968133,0.26239392734005584
datasets/dataset/B7_oval_fast_rep1.csv,cf21plus_firmware,attitude_angle,0.1,angle,rad,64,0,0.40075923570108324,0.45808211811195176
datasets/dataset/B7_oval_fast_rep1.csv,cf21plus_firmware,position,0.25,x,m,64,0,-0.07263391874125459,0.09004846221997122
datasets/dataset/B7_oval_fast_rep1.csv,cf21plus_firmware,position,0.25,y,m,64,0,-0.04178530080988005,0.0520324360989953
datasets/dataset/B7_oval_fast_rep1.csv,cf21plus_firmware,position,0.25,z,m,64,0,-0.036327833551705054,0.060177514189262586
datasets/dataset/B7_oval_fast_rep1.csv,cf21plus_firmware,velocity,0.25,x,m/s,64,0,-0.7791199025944229,0.8957768815642443
datasets/dataset/B7_oval_fast_rep1.csv,cf21plus_firmware,velocity,0.25,y,m/s,64,0,-0.5021548233954893,0.6442693927484463
datasets/dataset/B7_oval_fast_rep1.csv,cf21plus_firmware,velocity,0.25,z,m/s,64,0,-0.9634154886521208,1.2405529095576342
datasets/dataset/B7_oval_fast_rep1.csv,cf21plus_firmware,body_rate,0.25,x,rad/s,64,0,8.886576794234657,10.343368739852757
datasets/dataset/B7_oval_fast_rep1.csv,cf21plus_firmware,body_rate,0.25,y,rad/s,64,0,-16.830571705537594,20.238935810432157
datasets/dataset/B7_oval_fast_rep1.csv,cf21plus_firmware,body_rate,0.25,z,rad/s,64,0,0.34951480214763275,0.645801317942862
datasets/dataset/B7_oval_fast_rep1.csv,cf21plus_firmware,attitude_angle,0.25,angle,rad,64,0,1.8850314114679365,2.040451399715257
datasets/dataset/B7_oval_fast_rep1.csv,cf21plus_firmware,position,0.5,x,m,64,0,-0.26659532852237144,0.29566530543420305
datasets/dataset/B7_oval_fast_rep1.csv,cf21plus_firmware,position,0.5,y,m,64,0,-0.2060144210500881,0.2719690823637269
datasets/dataset/B7_oval_fast_rep1.csv,cf21plus_firmware,position,0.5,z,m,64,0,-0.5988085366549541,0.6501068672433385
datasets/dataset/B7_oval_fast_rep1.csv,cf21plus_firmware,velocity,0.5,x,m/s,64,0,-0.8505609849228344,1.0142878612503161
datasets/dataset/B7_oval_fast_rep1.csv,cf21plus_firmware,velocity,0.5,y,m/s,64,0,-0.7625929853087958,1.1001455859521685
datasets/dataset/B7_oval_fast_rep1.csv,cf21plus_firmware,velocity,0.5,z,m/s,64,0,-3.5524102570147615,3.6567422408453583
datasets/dataset/B7_oval_fast_rep1.csv,cf21plus_firmware,body_rate,0.5,x,rad/s,64,0,18.991793494576005,22.32428876386748
datasets/dataset/B7_oval_fast_rep1.csv,cf21plus_firmware,body_rate,0.5,y,rad/s,64,0,-32.773386178104346,39.57424638792981
datasets/dataset/B7_oval_fast_rep1.csv,cf21plus_firmware,body_rate,0.5,z,rad/s,64,0,0.6948275410242315,1.2630377975477938
datasets/dataset/B7_oval_fast_rep1.csv,cf21plus_firmware,attitude_angle,0.5,angle,rad,64,0,1.9753140509483664,2.135844542063556
datasets/dataset/B7_oval_fast_rep1.csv,thrust_upgrade_firmware,body_specific_force,0,x,m/s^2,3384,0,-0.05709860458590183,0.32391827831285375
datasets/dataset/B7_oval_fast_rep1.csv,thrust_upgrade_firmware,body_specific_force,0,y,m/s^2,3384,0,0.03158807060519342,0.15248022885291707
datasets/dataset/B7_oval_fast_rep1.csv,thrust_upgrade_firmware,body_specific_force,0,z,m/s^2,3384,0,9.66455385682856,9.675699586829724
datasets/dataset/B7_oval_fast_rep1.csv,thrust_upgrade_firmware,angular_acceleration_diagnostic,0,x,rad/s^2,3384,0,61.0186008508107,71.3000088298915
datasets/dataset/B7_oval_fast_rep1.csv,thrust_upgrade_firmware,angular_acceleration_diagnostic,0,y,rad/s^2,3384,0,-118.38584343282893,142.79531011406058
datasets/dataset/B7_oval_fast_rep1.csv,thrust_upgrade_firmware,angular_acceleration_diagnostic,0,z,rad/s^2,3384,0,1.6628219214472262,3.470978210873584
datasets/dataset/B7_oval_fast_rep1.csv,thrust_upgrade_firmware,position,0.1,x,m,64,0,-0.007864484646410857,0.01323114150787687
datasets/dataset/B7_oval_fast_rep1.csv,thrust_upgrade_firmware,position,0.1,y,m,64,0,-0.003924167991615747,0.0061850723467261354
datasets/dataset/B7_oval_fast_rep1.csv,thrust_upgrade_firmware,position,0.1,z,m,64,0,0.0460604408989739,0.046144432342797435
datasets/dataset/B7_oval_fast_rep1.csv,thrust_upgrade_firmware,velocity,0.1,x,m/s,64,0,-0.3216037858637901,0.44347456418237136
datasets/dataset/B7_oval_fast_rep1.csv,thrust_upgrade_firmware,velocity,0.1,y,m/s,64,0,-0.16897927300797128,0.21921603878107793
datasets/dataset/B7_oval_fast_rep1.csv,thrust_upgrade_firmware,velocity,0.1,z,m/s,64,0,0.8463827146399014,0.854315706510946
datasets/dataset/B7_oval_fast_rep1.csv,thrust_upgrade_firmware,body_rate,0.1,x,rad/s,64,0,6.008175845183972,7.068728751451326
datasets/dataset/B7_oval_fast_rep1.csv,thrust_upgrade_firmware,body_rate,0.1,y,rad/s,64,0,-11.1985113921052,13.873644968365854
datasets/dataset/B7_oval_fast_rep1.csv,thrust_upgrade_firmware,body_rate,0.1,z,rad/s,64,0,0.17025016549276722,0.3269091470556833
datasets/dataset/B7_oval_fast_rep1.csv,thrust_upgrade_firmware,attitude_angle,0.1,angle,rad,64,0,0.6840719112690739,0.7810678517431575
datasets/dataset/B7_oval_fast_rep1.csv,thrust_upgrade_firmware,position,0.25,x,m,64,0,-0.13993744726375806,0.1627051177906156
datasets/dataset/B7_oval_fast_rep1.csv,thrust_upgrade_firmware,position,0.25,y,m,64,0,-0.09048542016949018,0.11135987520603888
datasets/dataset/B7_oval_fast_rep1.csv,thrust_upgrade_firmware,position,0.25,z,m,64,0,0.10077807384426969,0.15604667467539193
datasets/dataset/B7_oval_fast_rep1.csv,thrust_upgrade_firmware,velocity,0.25,x,m/s,64,0,-1.0315619705821946,1.159513001906338
datasets/dataset/B7_oval_fast_rep1.csv,thrust_upgrade_firmware,velocity,0.25,y,m/s,64,0,-0.8583066230482799,1.1755728716743425
datasets/dataset/B7_oval_fast_rep1.csv,thrust_upgrade_firmware,velocity,0.25,z,m/s,64,0,-0.39954292165529726,1.3224634074325567
datasets/dataset/B7_oval_fast_rep1.csv,thrust_upgrade_firmware,body_rate,0.25,x,rad/s,64,0,15.198985582466214,17.65619731527162
datasets/dataset/B7_oval_fast_rep1.csv,thrust_upgrade_firmware,body_rate,0.25,y,rad/s,64,0,-28.76615471373315,34.652127114384555
datasets/dataset/B7_oval_fast_rep1.csv,thrust_upgrade_firmware,body_rate,0.25,z,rad/s,64,0,0.39766198570432465,0.8056292869169837
datasets/dataset/B7_oval_fast_rep1.csv,thrust_upgrade_firmware,attitude_angle,0.25,angle,rad,64,0,1.4843327943739075,1.7365269111865203
datasets/dataset/B7_oval_fast_rep1.csv,thrust_upgrade_firmware,position,0.5,x,m,64,0,-0.4257504549782193,0.46534976528266836
datasets/dataset/B7_oval_fast_rep1.csv,thrust_upgrade_firmware,position,0.5,y,m,64,0,-0.3373137393654283,0.42708658868598226
datasets/dataset/B7_oval_fast_rep1.csv,thrust_upgrade_firmware,position,0.5,z,m,64,0,-0.3437798833818444,0.5178409440331605
datasets/dataset/B7_oval_fast_rep1.csv,thrust_upgrade_firmware,velocity,0.5,x,m/s,64,0,-1.05275164195807,1.2769936668155586
datasets/dataset/B7_oval_fast_rep1.csv,thrust_upgrade_firmware,velocity,0.5,y,m/s,64,0,-1.002263982470884,1.4349522625439393
datasets/dataset/B7_oval_fast_rep1.csv,thrust_upgrade_firmware,velocity,0.5,z,m/s,64,0,-3.095175072991555,3.256269182165632
datasets/dataset/B7_oval_fast_rep1.csv,thrust_upgrade_firmware,body_rate,0.5,x,rad/s,64,0,32.41353153164066,38.28508205895123
datasets/dataset/B7_oval_fast_rep1.csv,thrust_upgrade_firmware,body_rate,0.5,y,rad/s,64,0,-55.8242143036149,67.7845402506474
datasets/dataset/B7_oval_fast_rep1.csv,thrust_upgrade_firmware,body_rate,0.5,z,rad/s,64,0,0.7862018838610552,1.5759959370537338
datasets/dataset/B7_oval_fast_rep1.csv,thrust_upgrade_firmware,attitude_angle,0.5,angle,rad,64,0,1.4298570226025595,1.6316102616354837
datasets/dataset/B7_oval_fast_rep1.csv,legacy_propellers_firmware,body_specific_force,0,x,m/s^2,3384,0,-0.05709860458590183,0.32391827831285375
datasets/dataset/B7_oval_fast_rep1.csv,legacy_propellers_firmware,body_specific_force,0,y,m/s^2,3384,0,0.03158807060519342,0.15248022885291707
datasets/dataset/B7_oval_fast_rep1.csv,legacy_propellers_firmware,body_specific_force,0,z,m/s^2,3384,0,1.6322876582517165,1.645707765435855
datasets/dataset/B7_oval_fast_rep1.csv,legacy_propellers_firmware,angular_acceleration_diagnostic,0,x,rad/s^2,3384,0,39.8001136832186,46.58876005973167
datasets/dataset/B7_oval_fast_rep1.csv,legacy_propellers_firmware,angular_acceleration_diagnostic,0,y,rad/s^2,3384,0,-77.02976737549423,92.82391131640877
datasets/dataset/B7_oval_fast_rep1.csv,legacy_propellers_firmware,angular_acceleration_diagnostic,0,z,rad/s^2,3384,0,1.6849851927315047,3.2665943577649292
datasets/dataset/B7_oval_fast_rep1.csv,legacy_propellers_firmware,position,0.1,x,m,64,0,-0.002712945449861018,0.0050617724108414485
datasets/dataset/B7_oval_fast_rep1.csv,legacy_propellers_firmware,position,0.1,y,m,64,0,-0.0013657273573786438,0.002347444294807373
datasets/dataset/B7_oval_fast_rep1.csv,legacy_propellers_firmware,position,0.1,z,m,64,0,0.007733098825025656,0.007819633302791021
datasets/dataset/B7_oval_fast_rep1.csv,legacy_propellers_firmware,velocity,0.1,x,m/s,64,0,-0.12092953396663103,0.17698671489565632
datasets/dataset/B7_oval_fast_rep1.csv,legacy_propellers_firmware,velocity,0.1,y,m/s,64,0,-0.06418887832627908,0.08729640480185302
datasets/dataset/B7_oval_fast_rep1.csv,legacy_propellers_firmware,velocity,0.1,z,m/s,64,0,0.13497264925016805,0.14004519211405958
datasets/dataset/B7_oval_fast_rep1.csv,legacy_propellers_firmware,body_rate,0.1,x,rad/s,64,0,3.9201299170490884,4.622791129829269
datasets/dataset/B7_oval_fast_rep1.csv,legacy_propellers_firmware,body_rate,0.1,y,rad/s,64,0,-7.315049897565807,9.040344933687518
datasets/dataset/B7_oval_fast_rep1.csv,legacy_propellers_firmware,body_rate,0.1,z,rad/s,64,0,0.16976134774894114,0.3076551234088592
datasets/dataset/B7_oval_fast_rep1.csv,legacy_propellers_firmware,attitude_angle,0.1,angle,rad,64,0,0.44663875730241126,0.5102958344395813
datasets/dataset/B7_oval_fast_rep1.csv,legacy_propellers_firmware,position,0.25,x,m,64,0,-0.0805611060991778,0.09829912366878597
datasets/dataset/B7_oval_fast_rep1.csv,legacy_propellers_firmware,position,0.25,y,m,64,0,-0.047378998734322435,0.058770563916380435
datasets/dataset/B7_oval_fast_rep1.csv,legacy_propellers_firmware,position,0.25,z,m,64,0,-0.025874449307010355,0.06259938083274418
datasets/dataset/B7_oval_fast_rep1.csv,legacy_propellers_firmware,velocity,0.25,x,m/s,64,0,-0.7883674161513083,0.89907687389215
datasets/dataset/B7_oval_fast_rep1.csv,legacy_propellers_firmware,velocity,0.25,y,m/s,64,0,-0.5394526417973595,0.706158797679694
datasets/dataset/B7_oval_fast_rep1.csv,legacy_propellers_firmware,velocity,0.25,z,m/s,64,0,-0.9671352118842531,1.2938052044712838
datasets/dataset/B7_oval_fast_rep1.csv,legacy_propellers_firmware,body_rate,0.25,x,rad/s,64,0,9.936336642318157,11.566503227875364
datasets/dataset/B7_oval_fast_rep1.csv,legacy_propellers_firmware,body_rate,0.25,y,rad/s,64,0,-18.7332892188916,22.54235605465133
datasets/dataset/B7_oval_fast_rep1.csv,legacy_propellers_firmware,body_rate,0.25,z,rad/s,64,0,0.4022145822111921,0.7567762189136716
datasets/dataset/B7_oval_fast_rep1.csv,legacy_propellers_firmware,attitude_angle,0.25,angle,rad,64,0,1.8094582242875465,1.956970920644934
datasets/dataset/B7_oval_fast_rep1.csv,legacy_propellers_firmware,position,0.5,x,m,64,0,-0.27904248821677347,0.30913089417819306
datasets/dataset/B7_oval_fast_rep1.csv,legacy_propellers_firmware,position,0.5,y,m,64,0,-0.22005797050761194,0.28839446104609634
datasets/dataset/B7_oval_fast_rep1.csv,legacy_propellers_firmware,position,0.5,z,m,64,0,-0.5844672522446338,0.6417585224583355
datasets/dataset/B7_oval_fast_rep1.csv,legacy_propellers_firmware,velocity,0.5,x,m/s,64,0,-0.8120249463725195,1.0002125533691824
datasets/dataset/B7_oval_fast_rep1.csv,legacy_propellers_firmware,velocity,0.5,y,m/s,64,0,-0.7788172736785386,1.126087179879014
datasets/dataset/B7_oval_fast_rep1.csv,legacy_propellers_firmware,velocity,0.5,z,m/s,64,0,-3.576033601265552,3.6815290312118676
datasets/dataset/B7_oval_fast_rep1.csv,legacy_propellers_firmware,body_rate,0.5,x,rad/s,64,0,21.36565721509976,25.23197181917697
datasets/dataset/B7_oval_fast_rep1.csv,legacy_propellers_firmware,body_rate,0.5,y,rad/s,64,0,-36.265473054749606,43.9267092307276
datasets/dataset/B7_oval_fast_rep1.csv,legacy_propellers_firmware,body_rate,0.5,z,rad/s,64,0,0.7978152793035227,1.479555275617692
datasets/dataset/B7_oval_fast_rep1.csv,legacy_propellers_firmware,attitude_angle,0.5,angle,rad,64,0,1.663347745827346,1.8547585041699834
datasets/dataset/B7_oval_fast_rep1.csv,persistence,body_specific_force,0,x,m/s^2,3384,0,-0.00020005324803675054,0.007691064659266972
datasets/dataset/B7_oval_fast_rep1.csv,persistence,body_specific_force,0,y,m/s^2,3384,0,-3.901452496131524e-05,0.005857955800562955
datasets/dataset/B7_oval_fast_rep1.csv,persistence,body_specific_force,0,z,m/s^2,3384,0,0.0003004785113563833,0.013679414967505278
datasets/dataset/B7_oval_fast_rep1.csv,persistence,angular_acceleration_diagnostic,0,x,rad/s^2,3384,0,0.004260267694818892,1.9769737275162285
datasets/dataset/B7_oval_fast_rep1.csv,persistence,angular_acceleration_diagnostic,0,y,rad/s^2,3384,0,-0.03287147726155729,3.967592572339821
datasets/dataset/B7_oval_fast_rep1.csv,persistence,angular_acceleration_diagnostic,0,z,rad/s^2,3384,0,0.009605463679766833,0.39816900189280274
datasets/dataset/B7_oval_fast_rep1.csv,persistence,position,0.1,x,m,64,0,0.0004558955989796081,0.006799667453319124
datasets/dataset/B7_oval_fast_rep1.csv,persistence,position,0.1,y,m,64,0,5.349521954942191e-06,0.0027922034625049463
datasets/dataset/B7_oval_fast_rep1.csv,persistence,position,0.1,z,m,64,0,0.0002451751674318204,0.0017784563092789801
datasets/dataset/B7_oval_fast_rep1.csv,persistence,velocity,0.1,x,m/s,64,0,0.0103164275,0.13268698026166267
datasets/dataset/B7_oval_fast_rep1.csv,persistence,velocity,0.1,y,m/s,64,0,5.4675812499996226e-05,0.05524903175961837
datasets/dataset/B7_oval_fast_rep1.csv,persistence,velocity,0.1,z,m/s,64,0,0.004855261874999999,0.03501486140196195
datasets/dataset/B7_oval_fast_rep1.csv,persistence,body_rate,0.1,x,rad/s,64,0,-0.010602514437500002,0.17683381667321085
datasets/dataset/B7_oval_fast_rep1.csv,persistence,body_rate,0.1,y,rad/s,64,0,-0.05985397557812501,0.3676334853880538
datasets/dataset/B7_oval_fast_rep1.csv,persistence,body_rate,0.1,z,rad/s,64,0,-0.006283641937499999,0.04203952771726846
datasets/dataset/B7_oval_fast_rep1.csv,persistence,attitude_angle,0.1,angle,rad,64,0,0.023412882440911525,0.030525617777539683
datasets/dataset/B7_oval_fast_rep1.csv,persistence,position,0.25,x,m,64,0,0.0031273715366955386,0.04058584143125193
datasets/dataset/B7_oval_fast_rep1.csv,persistence,position,0.25,y,m,64,0,3.3234835572188955e-05,0.017143681202653152
datasets/dataset/B7_oval_fast_rep1.csv,persistence,position,0.25,z,m,64,0,0.0014628027433556366,0.010537250341006818
datasets/dataset/B7_oval_fast_rep1.csv,persistence,velocity,0.25,x,m/s,64,0,0.02395570887500001,0.31999211274832196
datasets/dataset/B7_oval_fast_rep1.csv,persistence,velocity,0.25,y,m/s,64,0,0.0009879983906249997,0.13537868300822112
datasets/dataset/B7_oval_fast_rep1.csv,persistence,velocity,0.25,z,m/s,64,0,0.011453475578125,0.08135774914147356
datasets/dataset/B7_oval_fast_rep1.csv,persistence,body_rate,0.25,x,rad/s,64,0,0.010333426468750002,0.23863572011528245
datasets/dataset/B7_oval_fast_rep1.csv,persistence,body_rate,0.25,y,rad/s,64,0,-0.075611496671875,0.5490797735290229
datasets/dataset/B7_oval_fast_rep1.csv,persistence,body_rate,0.25,z,rad/s,64,0,-0.0033815977031250006,0.07354657726171224
datasets/dataset/B7_oval_fast_rep1.csv,persistence,attitude_angle,0.25,angle,rad,64,0,0.08393574568411671,0.10842025003086588
datasets/dataset/B7_oval_fast_rep1.csv,persistence,position,0.5,x,m,64,0,0.01184789436498004,0.1543965193285895
datasets/dataset/B7_oval_fast_rep1.csv,persistence,position,0.5,y,m,64,0,0.00041781060277765875,0.06656284150457147
datasets/dataset/B7_oval_fast_rep1.csv,persistence,position,0.5,z,m,64,0,0.005490863616303928,0.037618581830353166
datasets/dataset/B7_oval_fast_rep1.csv,persistence,velocity,0.5,x,m/s,64,0,0.047461831375,0.6000040296300385
datasets/dataset/B7_oval_fast_rep1.csv,persistence,velocity,0.5,y,m/s,64,0,0.002579687828124993,0.2652097795393669
datasets/dataset/B7_oval_fast_rep1.csv,persistence,velocity,0.5,z,m/s,64,0,0.021824273875,0.14015687390832499
datasets/dataset/B7_oval_fast_rep1.csv,persistence,body_rate,0.5,x,rad/s,64,0,-0.005981667218749993,0.23273125578639992
datasets/dataset/B7_oval_fast_rep1.csv,persistence,body_rate,0.5,y,rad/s,64,0,-0.012976050343749997,0.7157468622790262
datasets/dataset/B7_oval_fast_rep1.csv,persistence,body_rate,0.5,z,rad/s,64,0,0.0011694459531249994,0.08650338474937622
datasets/dataset/B7_oval_fast_rep1.csv,persistence,attitude_angle,0.5,angle,rad,64,0,0.1961461825696667,0.23307568324001904
datasets/dataset/B7_oval_fast_rep1.csv,frame_check,vicon_body_rate_minus_imu,0,x,rad/s,3384,0,0.0033479114689429312,0.056615374592440385
datasets/dataset/B7_oval_fast_rep1.csv,frame_check,vicon_body_rate_minus_imu,0,y,rad/s,3384,0,0.006336634871589991,0.1691786826145473
datasets/dataset/B7_oval_fast_rep1.csv,frame_check,vicon_body_rate_minus_imu,0,z,rad/s,3384,0,-0.01400021254360756,0.07145809732041793
datasets/dataset/B7_oval_fast_rep2.csv,cf21plus_firmware,body_specific_force,0,x,m/s^2,3437,0,-0.041857900399503524,0.3388094524858544
datasets/dataset/B7_oval_fast_rep2.csv,cf21plus_firmware,body_specific_force,0,y,m/s^2,3437,0,0.03226093953578543,0.17961153224685747
datasets/dataset/B7_oval_fast_rep2.csv,cf21plus_firmware,body_specific_force,0,z,m/s^2,3437,0,0.8282106641687391,0.8458311621050901
datasets/dataset/B7_oval_fast_rep2.csv,cf21plus_firmware,angular_acceleration_diagnostic,0,x,rad/s^2,3437,0,26.52338234163799,36.83605756214083
datasets/dataset/B7_oval_fast_rep2.csv,cf21plus_firmware,angular_acceleration_diagnostic,0,y,rad/s^2,3437,0,-51.072082980267844,73.02502020932741
datasets/dataset/B7_oval_fast_rep2.csv,cf21plus_firmware,angular_acceleration_diagnostic,0,z,rad/s^2,3437,0,-0.5067269826509356,2.778900738540003
datasets/dataset/B7_oval_fast_rep2.csv,cf21plus_firmware,position,0.1,x,m,68,0,-0.001608514962504589,0.00465033942629692
datasets/dataset/B7_oval_fast_rep2.csv,cf21plus_firmware,position,0.1,y,m,68,0,-0.000806675849541031,0.0022559681501632825
datasets/dataset/B7_oval_fast_rep2.csv,cf21plus_firmware,position,0.1,z,m,68,0,0.003733346433291971,0.0038363856012384907
datasets/dataset/B7_oval_fast_rep2.csv,cf21plus_firmware,velocity,0.1,x,m/s,68,0,-0.07452342053363144,0.14943349172949635
datasets/dataset/B7_oval_fast_rep2.csv,cf21plus_firmware,velocity,0.1,y,m/s,68,0,-0.04030691387143103,0.0748248301992412
datasets/dataset/B7_oval_fast_rep2.csv,cf21plus_firmware,velocity,0.1,z,m/s,68,0,0.06258622820882419,0.06777217861740574
datasets/dataset/B7_oval_fast_rep2.csv,cf21plus_firmware,body_rate,0.1,x,rad/s,68,0,2.7222348545517203,3.728508172561531
datasets/dataset/B7_oval_fast_rep2.csv,cf21plus_firmware,body_rate,0.1,y,rad/s,68,0,-4.969150978106035,7.24598110191956
datasets/dataset/B7_oval_fast_rep2.csv,cf21plus_firmware,body_rate,0.1,z,rad/s,68,0,-0.05731160881789267,0.2600756936545715
datasets/dataset/B7_oval_fast_rep2.csv,cf21plus_firmware,attitude_angle,0.1,angle,rad,68,0,0.35239572052809026,0.4080287453056921
datasets/dataset/B7_oval_fast_rep2.csv,cf21plus_firmware,position,0.25,x,m,68,0,-0.05510286218501333,0.09030941975233536
datasets/dataset/B7_oval_fast_rep2.csv,cf21plus_firmware,position,0.25,y,m,68,0,-0.032160570808420184,0.05076863175185859
datasets/dataset/B7_oval_fast_rep2.csv,cf21plus_firmware,position,0.25,z,m,68,0,-0.028098195512992124,0.052091873863536246
datasets/dataset/B7_oval_fast_rep2.csv,cf21plus_firmware,velocity,0.25,x,m/s,68,0,-0.5846834206623726,0.9377132175750152
datasets/dataset/B7_oval_fast_rep2.csv,cf21plus_firmware,velocity,0.25,y,m/s,68,0,-0.3903976022199348,0.6302512623716638
datasets/dataset/B7_oval_fast_rep2.csv,cf21plus_firmware,velocity,0.25,z,m/s,68,0,-0.8273728798992753,1.1258223735278523
datasets/dataset/B7_oval_fast_rep2.csv,cf21plus_firmware,body_rate,0.25,x,rad/s,68,0,6.564483531310093,9.108856406719484
datasets/dataset/B7_oval_fast_rep2.csv,cf21plus_firmware,body_rate,0.25,y,rad/s,68,0,-12.787232535010412,18.06503748040444
datasets/dataset/B7_oval_fast_rep2.csv,cf21plus_firmware,body_rate,0.25,z,rad/s,68,0,-0.10989871696311207,0.6587905002506576
datasets/dataset/B7_oval_fast_rep2.csv,cf21plus_firmware,attitude_angle,0.25,angle,rad,68,0,1.791754325165391,1.9893823964819293
datasets/dataset/B7_oval_fast_rep2.csv,cf21plus_firmware,position,0.5,x,m,68,0,-0.16735016721643464,0.330550218749747
datasets/dataset/B7_oval_fast_rep2.csv,cf21plus_firmware,position,0.5,y,m,68,0,-0.14774883220849022,0.2655024397179592
datasets/dataset/B7_oval_fast_rep2.csv,cf21plus_firmware,position,0.5,z,m,68,0,-0.5453145138929202,0.6154413004694029
datasets/dataset/B7_oval_fast_rep2.csv,cf21plus_firmware,velocity,0.5,x,m/s,68,0,-0.4138774013520766,1.1896859411121767
datasets/dataset/B7_oval_fast_rep2.csv,cf21plus_firmware,velocity,0.5,y,m/s,68,0,-0.4685078272709931,1.0846867161971145
datasets/dataset/B7_oval_fast_rep2.csv,cf21plus_firmware,velocity,0.5,z,m/s,68,0,-3.2777577413072017,3.488581367414972
datasets/dataset/B7_oval_fast_rep2.csv,cf21plus_firmware,body_rate,0.5,x,rad/s,68,0,12.56144173576514,18.26623015900253
datasets/dataset/B7_oval_fast_rep2.csv,cf21plus_firmware,body_rate,0.5,y,rad/s,68,0,-25.44657188408861,35.61230013059541
datasets/dataset/B7_oval_fast_rep2.csv,cf21plus_firmware,body_rate,0.5,z,rad/s,68,0,-0.2558556037393265,1.2327412309774484
datasets/dataset/B7_oval_fast_rep2.csv,cf21plus_firmware,attitude_angle,0.5,angle,rad,68,0,1.7308863648549104,1.953095057177594
datasets/dataset/B7_oval_fast_rep2.csv,thrust_upgrade_firmware,body_specific_force,0,x,m/s^2,3437,0,-0.041857900399503524,0.3388094524858544
datasets/dataset/B7_oval_fast_rep2.csv,thrust_upgrade_firmware,body_specific_force,0,y,m/s^2,3437,0,0.03226093953578543,0.17961153224685747
datasets/dataset/B7_oval_fast_rep2.csv,thrust_upgrade_firmware,body_specific_force,0,z,m/s^2,3437,0,9.66454964600252,9.67350887723947
datasets/dataset/B7_oval_fast_rep2.csv,thrust_upgrade_firmware,angular_acceleration_diagnostic,0,x,rad/s^2,3437,0,45.72364108014409,63.1341073710299
datasets/dataset/B7_oval_fast_rep2.csv,thrust_upgrade_firmware,angular_acceleration_diagnostic,0,y,rad/s^2,3437,0,-87.84710563679484,125.65978378205747
datasets/dataset/B7_oval_fast_rep2.csv,thrust_upgrade_firmware,angular_acceleration_diagnostic,0,z,rad/s^2,3437,0,-0.7374213226363246,3.5522710175602
datasets/dataset/B7_oval_fast_rep2.csv,thrust_upgrade_firmware,position,0.1,x,m,68,0,-0.005587662225570622,0.01295580514374558
datasets/dataset/B7_oval_fast_rep2.csv,thrust_upgrade_firmware,position,0.1,y,m,68,0,-0.0030078750831701367,0.006366219937298314
datasets/dataset/B7_oval_fast_rep2.csv,thrust_upgrade_firmware,position,0.1,z,m,68,0,0.04615429689884521,0.0462177903815842
datasets/dataset/B7_oval_fast_rep2.csv,thrust_upgrade_firmware,velocity,0.1,x,m/s,68,0,-0.23750387685109534,0.42429671362567817
datasets/dataset/B7_oval_fast_rep2.csv,thrust_upgrade_firmware,velocity,0.1,y,m/s,68,0,-0.12962954605407834,0.2155651542095562
datasets/dataset/B7_oval_fast_rep2.csv,thrust_upgrade_firmware,velocity,0.1,z,m/s,68,0,0.8607694871323874,0.8663324199730644
datasets/dataset/B7_oval_fast_rep2.csv,thrust_upgrade_firmware,body_rate,0.1,x,rad/s,68,0,4.678857400956595,6.379962416082899
datasets/dataset/B7_oval_fast_rep2.csv,thrust_upgrade_firmware,body_rate,0.1,y,rad/s,68,0,-8.531003609409533,12.466315268246307
datasets/dataset/B7_oval_fast_rep2.csv,thrust_upgrade_firmware,body_rate,0.1,z,rad/s,68,0,-0.08301855499304926,0.3347981272599685
datasets/dataset/B7_oval_fast_rep2.csv,thrust_upgrade_firmware,attitude_angle,0.1,angle,rad,68,0,0.6047487153829297,0.7000507542456015
datasets/dataset/B7_oval_fast_rep2.csv,thrust_upgrade_firmware,position,0.25,x,m,68,0,-0.09967935133181575,0.1685178575568532
datasets/dataset/B7_oval_fast_rep2.csv,thrust_upgrade_firmware,position,0.25,y,m,68,0,-0.06981134196406462,0.11062060852234738
datasets/dataset/B7_oval_fast_rep2.csv,thrust_upgrade_firmware,position,0.25,z,m,68,0,0.11995186084305788,0.16901878637111042
datasets/dataset/B7_oval_fast_rep2.csv,thrust_upgrade_firmware,velocity,0.25,x,m/s,68,0,-0.5919983371515805,1.2958117710177397
datasets/dataset/B7_oval_fast_rep2.csv,thrust_upgrade_firmware,velocity,0.25,y,m/s,68,0,-0.6469806173267592,1.160541467906784
datasets/dataset/B7_oval_fast_rep2.csv,thrust_upgrade_firmware,velocity,0.25,z,m/s,68,0,-0.20796957947734043,1.3926785652890175
datasets/dataset/B7_oval_fast_rep2.csv,thrust_upgrade_firmware,body_rate,0.25,x,rad/s,68,0,11.245599530747288,15.59362792820019
datasets/dataset/B7_oval_fast_rep2.csv,thrust_upgrade_firmware,body_rate,0.25,y,rad/s,68,0,-22.01352993183228,31.126380867658742
datasets/dataset/B7_oval_fast_rep2.csv,thrust_upgrade_firmware,body_rate,0.25,z,rad/s,68,0,-0.16572013331821386,0.8439056727898101
datasets/dataset/B7_oval_fast_rep2.csv,thrust_upgrade_firmware,attitude_angle,0.25,angle,rad,68,0,1.397294657050013,1.6821870327026918
datasets/dataset/B7_oval_fast_rep2.csv,thrust_upgrade_firmware,position,0.5,x,m,68,0,-0.24747990240576645,0.5350697254787082
datasets/dataset/B7_oval_fast_rep2.csv,thrust_upgrade_firmware,position,0.5,y,m,68,0,-0.22930936406024016,0.4378321154520638
datasets/dataset/B7_oval_fast_rep2.csv,thrust_upgrade_firmware,position,0.5,z,m,68,0,-0.24648216482317523,0.5447023104929294
datasets/dataset/B7_oval_fast_rep2.csv,thrust_upgrade_firmware,velocity,0.5,x,m/s,68,0,-0.5849999834528887,1.7005820984795526
datasets/dataset/B7_oval_fast_rep2.csv,thrust_upgrade_firmware,velocity,0.5,y,m/s,68,0,-0.6028587725154396,1.7098234641487284
datasets/dataset/B7_oval_fast_rep2.csv,thrust_upgrade_firmware,velocity,0.5,z,m/s,68,0,-2.722202252937687,3.212286673958181
datasets/dataset/B7_oval_fast_rep2.csv,thrust_upgrade_firmware,body_rate,0.5,x,rad/s,68,0,20.91083652220752,31.105887251345713
datasets/dataset/B7_oval_fast_rep2.csv,thrust_upgrade_firmware,body_rate,0.5,y,rad/s,68,0,-43.84441952440131,61.31099686368037
datasets/dataset/B7_oval_fast_rep2.csv,thrust_upgrade_firmware,body_rate,0.5,z,rad/s,68,0,-0.3718194669781744,1.578126741384493
datasets/dataset/B7_oval_fast_rep2.csv,thrust_upgrade_firmware,attitude_angle,0.5,angle,rad,68,0,1.4474577173901797,1.6455399037847
datasets/dataset/B7_oval_fast_rep2.csv,legacy_propellers_firmware,body_specific_force,0,x,m/s^2,3437,0,-0.041857900399503524,0.3388094524858544
datasets/dataset/B7_oval_fast_rep2.csv,legacy_propellers_firmware,body_specific_force,0,y,m/s^2,3437,0,0.03226093953578543,0.17961153224685747
datasets/dataset/B7_oval_fast_rep2.csv,legacy_propellers_firmware,body_specific_force,0,z,m/s^2,3437,0,1.6432671181879865,1.6560890082813124
datasets/dataset/B7_oval_fast_rep2.csv,legacy_propellers_firmware,angular_acceleration_diagnostic,0,x,rad/s^2,3437,0,29.613739494217473,41.07843917415232
datasets/dataset/B7_oval_fast_rep2.csv,legacy_propellers_firmware,angular_acceleration_diagnostic,0,y,rad/s^2,3437,0,-57.00095898432201,81.5062680387623
datasets/dataset/B7_oval_fast_rep2.csv,legacy_propellers_firmware,angular_acceleration_diagnostic,0,z,rad/s^2,3437,0,-0.6106854485343809,3.272314325049598
datasets/dataset/B7_oval_fast_rep2.csv,legacy_propellers_firmware,position,0.1,x,m,68,0,-0.001989209973944526,0.005385909687212949
datasets/dataset/B7_oval_fast_rep2.csv,legacy_propellers_firmware,position,0.1,y,m,68,0,-0.001016717295232663,0.0026168919538060342
datasets/dataset/B7_oval_fast_rep2.csv,legacy_propellers_firmware,position,0.1,z,m,68,0,0.007658789005892885,0.007729350774450684
datasets/dataset/B7_oval_fast_rep2.csv,legacy_propellers_firmware,velocity,0.1,x,m/s,68,0,-0.09035163842470768,0.1753953967909754
datasets/dataset/B7_oval_fast_rep2.csv,legacy_propellers_firmware,velocity,0.1,y,m/s,68,0,-0.04892656757415155,0.08815005256399035
datasets/dataset/B7_oval_fast_rep2.csv,legacy_propellers_firmware,velocity,0.1,z,m/s,68,0,0.13709480296276016,0.1407720553875057
datasets/dataset/B7_oval_fast_rep2.csv,legacy_propellers_firmware,body_rate,0.1,x,rad/s,68,0,3.036802393419351,4.156791507147872
datasets/dataset/B7_oval_fast_rep2.csv,legacy_propellers_firmware,body_rate,0.1,y,rad/s,68,0,-5.543465510056951,8.087099112954308
datasets/dataset/B7_oval_fast_rep2.csv,legacy_propellers_firmware,body_rate,0.1,z,rad/s,68,0,-0.06973127911496273,0.3074505196722236
datasets/dataset/B7_oval_fast_rep2.csv,legacy_propellers_firmware,attitude_angle,0.1,angle,rad,68,0,0.3931774614531932,0.4551520758073245
datasets/dataset/B7_oval_fast_rep2.csv,legacy_propellers_firmware,position,0.25,x,m,68,0,-0.060907379299636855,0.09942143532917631
datasets/dataset/B7_oval_fast_rep2.csv,legacy_propellers_firmware,position,0.25,y,m,68,0,-0.03642233688591617,0.05746074119484478
datasets/dataset/B7_oval_fast_rep2.csv,legacy_propellers_firmware,position,0.25,z,m,68,0,-0.01620930975161414,0.055425262530502596
datasets/dataset/B7_oval_fast_rep2.csv,legacy_propellers_firmware,velocity,0.25,x,m/s,68,0,-0.5803002148647542,0.9598307236620458
datasets/dataset/B7_oval_fast_rep2.csv,legacy_propellers_firmware,velocity,0.25,y,m/s,68,0,-0.416926162930666,0.6919891325174362
datasets/dataset/B7_oval_fast_rep2.csv,legacy_propellers_firmware,velocity,0.25,z,m/s,68,0,-0.8239078114955597,1.1924670759672287
datasets/dataset/B7_oval_fast_rep2.csv,legacy_propellers_firmware,body_rate,0.25,x,rad/s,68,0,7.312489171001974,10.163415313215799
datasets/dataset/B7_oval_fast_rep2.csv,legacy_propellers_firmware,body_rate,0.25,y,rad/s,68,0,-14.275417019689755,20.165194921992068
datasets/dataset/B7_oval_fast_rep2.csv,legacy_propellers_firmware,body_rate,0.25,z,rad/s,68,0,-0.1344324442868609,0.7761516563298138
datasets/dataset/B7_oval_fast_rep2.csv,legacy_propellers_firmware,attitude_angle,0.25,angle,rad,68,0,1.7569539226337856,1.9308765698592627
datasets/dataset/B7_oval_fast_rep2.csv,legacy_propellers_firmware,position,0.5,x,m,68,0,-0.1725066832318102,0.3476491859327059
datasets/dataset/B7_oval_fast_rep2.csv,legacy_propellers_firmware,position,0.5,y,m,68,0,-0.1547512424126961,0.2824126422624557
datasets/dataset/B7_oval_fast_rep2.csv,legacy_propellers_firmware,position,0.5,z,m,68,0,-0.5258981112708035,0.6077529161615035
datasets/dataset/B7_oval_fast_rep2.csv,legacy_propellers_firmware,velocity,0.5,x,m/s,68,0,-0.42706869375897705,1.2273720400278372
datasets/dataset/B7_oval_fast_rep2.csv,legacy_propellers_firmware,velocity,0.5,y,m/s,68,0,-0.47666735415943756,1.139545147133418
datasets/dataset/B7_oval_fast_rep2.csv,legacy_propellers_firmware,velocity,0.5,z,m/s,68,0,-3.2817667544463927,3.5156943496086615
datasets/dataset/B7_oval_fast_rep2.csv,legacy_propellers_firmware,body_rate,0.5,x,rad/s,68,0,13.839359763296398,20.4586985597293
datasets/dataset/B7_oval_fast_rep2.csv,legacy_propellers_firmware,body_rate,0.5,y,rad/s,68,0,-28.369146687607927,39.672758248163426
datasets/dataset/B7_oval_fast_rep2.csv,legacy_propellers_firmware,body_rate,0.5,z,rad/s,68,0,-0.30839305341236395,1.452208323540461
datasets/dataset/B7_oval_fast_rep2.csv,legacy_propellers_firmware,attitude_angle,0.5,angle,rad,68,0,1.685221405178545,1.8843253117064576
datasets/dataset/B7_oval_fast_rep2.csv,persistence,body_specific_force,0,x,m/s^2,3437,0,7.297966400930966e-06,0.006431565255407057
datasets/dataset/B7_oval_fast_rep2.csv,persistence,body_specific_force,0,y,m/s^2,3437,0,1.1528833590340401e-05,0.0056377097604969305
datasets/dataset/B7_oval_fast_rep2.csv,persistence,body_specific_force,0,z,m/s^2,3437,0,-3.4934023141214683e-06,0.01181611043145918
datasets/dataset/B7_oval_fast_rep2.csv,persistence,angular_acceleration_diagnostic,0,x,rad/s^2,3437,0,0.003394013332110368,1.933579519695057
datasets/dataset/B7_oval_fast_rep2.csv,persistence,angular_acceleration_diagnostic,0,y,rad/s^2,3437,0,-0.0032037913464513105,3.3429539154975445
datasets/dataset/B7_oval_fast_rep2.csv,persistence,angular_acceleration_diagnostic,0,z,rad/s^2,3437,0,-0.004831286703525212,0.44139268142899124
datasets/dataset/B7_oval_fast_rep2.csv,persistence,position,0.1,x,m,68,0,-4.80501753572203e-05,0.005106132923510035
datasets/dataset/B7_oval_fast_rep2.csv,persistence,position,0.1,y,m,68,0,7.191266569806109e-05,0.0023993845993208903
datasets/dataset/B7_oval_fast_rep2.csv,persistence,position,0.1,z,m,68,0,0.00024637817876474943,0.0014370790847576763
datasets/dataset/B7_oval_fast_rep2.csv,persistence,velocity,0.1,x,m/s,68,0,-0.00013115157352941299,0.10214718926372486
datasets/dataset/B7_oval_fast_rep2.csv,persistence,velocity,0.1,y,m/s,68,0,0.0002986776911764709,0.04562596423654276
datasets/dataset/B7_oval_fast_rep2.csv,persistence,velocity,0.1,z,m/s,68,0,0.00500150167647059,0.028874190595021748
datasets/dataset/B7_oval_fast_rep2.csv,persistence,body_rate,0.1,x,rad/s,68,0,0.011756298117647057,0.13444933232238968
datasets/dataset/B7_oval_fast_rep2.csv,persistence,body_rate,0.1,y,rad/s,68,0,-0.034164320455882365,0.23169670522816815
datasets/dataset/B7_oval_fast_rep2.csv,persistence,body_rate,0.1,z,rad/s,68,0,0.005289973882352943,0.04912634936645095
datasets/dataset/B7_oval_fast_rep2.csv,persistence,attitude_angle,0.1,angle,rad,68,0,0.014087694048430091,0.018256917762236338
datasets/dataset/B7_oval_fast_rep2.csv,persistence,position,0.25,x,m,68,0,6.162666274140739e-05,0.032071437959437295
datasets/dataset/B7_oval_fast_rep2.csv,persistence,position,0.25,y,m,68,0,0.0001594069104348791,0.013720466597796695
datasets/dataset/B7_oval_fast_rep2.csv,persistence,position,0.25,z,m,68,0,0.0014109804283358059,0.00863938232297058
datasets/dataset/B7_oval_fast_rep2.csv,persistence,velocity,0.25,x,m/s,68,0,0.00027308033823528037,0.25846478652095534
datasets/dataset/B7_oval_fast_rep2.csv,persistence,velocity,0.25,y,m/s,68,0,0.00120474947058823,0.10568385533668595
datasets/dataset/B7_oval_fast_rep2.csv,persistence,velocity,0.25,z,m/s,68,0,0.010841946705882356,0.06661578201442138
datasets/dataset/B7_oval_fast_rep2.csv,persistence,body_rate,0.25,x,rad/s,68,0,-0.02377902757352941,0.23567819203274848
datasets/dataset/B7_oval_fast_rep2.csv,persistence,body_rate,0.25,y,rad/s,68,0,-0.02653919545588236,0.40875604139692784
datasets/dataset/B7_oval_fast_rep2.csv,persistence,body_rate,0.25,z,rad/s,68,0,0.006524376470588237,0.06409856338652567
datasets/dataset/B7_oval_fast_rep2.csv,persistence,attitude_angle,0.25,angle,rad,68,0,0.05440488576221882,0.06950331031198409
datasets/dataset/B7_oval_fast_rep2.csv,persistence,position,0.5,x,m,68,0,-5.690674061513085e-06,0.12514273112305765
datasets/dataset/B7_oval_fast_rep2.csv,persistence,position,0.5,y,m,68,0,0.0004098191380110738,0.05098479309924646
datasets/dataset/B7_oval_fast_rep2.csv,persistence,position,0.5,z,m,68,0,0.005322487030475022,0.031178635219769664
datasets/dataset/B7_oval_fast_rep2.csv,persistence,velocity,0.5,x,m/s,68,0,-0.001136811205882353,0.4855385097694546
datasets/dataset/B7_oval_fast_rep2.csv,persistence,velocity,0.5,y,m/s,68,0,0.0002455890441176462,0.19890740645597335
datasets/dataset/B7_oval_fast_rep2.csv,persistence,velocity,0.5,z,m/s,68,0,0.020955562970588232,0.11976647638811573
datasets/dataset/B7_oval_fast_rep2.csv,persistence,body_rate,0.5,x,rad/s,68,0,9.878866176470577e-05,0.16755868508041677
datasets/dataset/B7_oval_fast_rep2.csv,persistence,body_rate,0.5,y,rad/s,68,0,-0.002182259058823536,0.45998406035948175
datasets/dataset/B7_oval_fast_rep2.csv,persistence,body_rate,0.5,z,rad/s,68,0,-0.0012526970294117626,0.0964586407304077
datasets/dataset/B7_oval_fast_rep2.csv,persistence,attitude_angle,0.5,angle,rad,68,0,0.1367684301065772,0.1701239464882283
datasets/dataset/B7_oval_fast_rep2.csv,frame_check,vicon_body_rate_minus_imu,0,x,rad/s,3437,0,-0.0040428858636794495,0.05787948386547699
datasets/dataset/B7_oval_fast_rep2.csv,frame_check,vicon_body_rate_minus_imu,0,y,rad/s,3437,0,-0.0020110945285621096,0.09765231394450721
datasets/dataset/B7_oval_fast_rep2.csv,frame_check,vicon_body_rate_minus_imu,0,z,rad/s,3437,0,-0.008708003887316296,0.0522100762495205
datasets/dataset/B7_oval_fast_rep3.csv,cf21plus_firmware,body_specific_force,0,x,m/s^2,3443,0,-0.04250885423967761,0.3368218570156508
datasets/dataset/B7_oval_fast_rep3.csv,cf21plus_firmware,body_specific_force,0,y,m/s^2,3443,0,0.03029985741707839,0.1765272023357815
datasets/dataset/B7_oval_fast_rep3.csv,cf21plus_firmware,body_specific_force,0,z,m/s^2,3443,0,0.8009937926733004,0.8196334018356934
datasets/dataset/B7_oval_fast_rep3.csv,cf21plus_firmware,angular_acceleration_diagnostic,0,x,rad/s^2,3443,0,27.730442682683925,37.10827800997114
datasets/dataset/B7_oval_fast_rep3.csv,cf21plus_firmware,angular_acceleration_diagnostic,0,y,rad/s^2,3443,0,-41.04496841125966,64.45417333993501
datasets/dataset/B7_oval_fast_rep3.csv,cf21plus_firmware,angular_acceleration_diagnostic,0,z,rad/s^2,3443,0,-1.6007166799080519,3.376488588220573
datasets/dataset/B7_oval_fast_rep3.csv,cf21plus_firmware,position,0.1,x,m,68,0,-0.0011894058791650072,0.004557708350680222
datasets/dataset/B7_oval_fast_rep3.csv,cf21plus_firmware,position,0.1,y,m,68,0,-0.0008992872959576477,0.002339853823550612
datasets/dataset/B7_oval_fast_rep3.csv,cf21plus_firmware,position,0.1,z,m,68,0,0.003657033774856977,0.00379658894215501
datasets/dataset/B7_oval_fast_rep3.csv,cf21plus_firmware,velocity,0.1,x,m/s,68,0,-0.05803898157507254,0.13939261167405081
datasets/dataset/B7_oval_fast_rep3.csv,cf21plus_firmware,velocity,0.1,y,m/s,68,0,-0.04203450114364907,0.07482753582028637
datasets/dataset/B7_oval_fast_rep3.csv,cf21plus_firmware,velocity,0.1,z,m/s,68,0,0.06379476704899363,0.0684190634296987
datasets/dataset/B7_oval_fast_rep3.csv,cf21plus_firmware,body_rate,0.1,x,rad/s,68,0,2.7017850686597447,3.6128761727484138
datasets/dataset/B7_oval_fast_rep3.csv,cf21plus_firmware,body_rate,0.1,y,rad/s,68,0,-4.108541749036894,6.391067296013926
datasets/dataset/B7_oval_fast_rep3.csv,cf21plus_firmware,body_rate,0.1,z,rad/s,68,0,-0.14996293968092375,0.3306386921894621
datasets/dataset/B7_oval_fast_rep3.csv,cf21plus_firmware,attitude_angle,0.1,angle,rad,68,0,0.32071424388903536,0.3694369018421116
datasets/dataset/B7_oval_fast_rep3.csv,cf21plus_firmware,position,0.25,x,m,68,0,-0.046771497820228845,0.08528769256341821
datasets/dataset/B7_oval_fast_rep3.csv,cf21plus_firmware,position,0.25,y,m,68,0,-0.03359214034440737,0.05101539493949046
datasets/dataset/B7_oval_fast_rep3.csv,cf21plus_firmware,position,0.25,z,m,68,0,-0.020697527378581437,0.04451692406794196
datasets/dataset/B7_oval_fast_rep3.csv,cf21plus_firmware,velocity,0.25,x,m/s,68,0,-0.5266699764325876,0.9330998277383817
datasets/dataset/B7_oval_fast_rep3.csv,cf21plus_firmware,velocity,0.25,y,m/s,68,0,-0.42545287439748686,0.6436133566599477
datasets/dataset/B7_oval_fast_rep3.csv,cf21plus_firmware,velocity,0.25,z,m/s,68,0,-0.7031351415679423,0.9952154266462272
datasets/dataset/B7_oval_fast_rep3.csv,cf21plus_firmware,body_rate,0.25,x,rad/s,68,0,6.81394619554054,9.20561111547045
datasets/dataset/B7_oval_fast_rep3.csv,cf21plus_firmware,body_rate,0.25,y,rad/s,68,0,-10.311119590161562,15.954078021657379
datasets/dataset/B7_oval_fast_rep3.csv,cf21plus_firmware,body_rate,0.25,z,rad/s,68,0,-0.41265160716716476,0.8260805373890975
datasets/dataset/B7_oval_fast_rep3.csv,cf21plus_firmware,attitude_angle,0.25,angle,rad,68,0,1.7590498865084134,1.9554570455694764
datasets/dataset/B7_oval_fast_rep3.csv,cf21plus_firmware,position,0.5,x,m,68,0,-0.138115998405395,0.3499846916425588
datasets/dataset/B7_oval_fast_rep3.csv,cf21plus_firmware,position,0.5,y,m,68,0,-0.1727297959883459,0.2765414988802956
datasets/dataset/B7_oval_fast_rep3.csv,cf21plus_firmware,position,0.5,z,m,68,0,-0.5233766693373108,0.5860161525297606
datasets/dataset/B7_oval_fast_rep3.csv,cf21plus_firmware,velocity,0.5,x,m/s,68,0,-0.253276226550629,1.384672346688249
datasets/dataset/B7_oval_fast_rep3.csv,cf21plus_firmware,velocity,0.5,y,m/s,68,0,-0.5862524776553428,1.1432030119409162
datasets/dataset/B7_oval_fast_rep3.csv,cf21plus_firmware,velocity,0.5,z,m/s,68,0,-3.2952211149797073,3.4510158730785188
datasets/dataset/B7_oval_fast_rep3.csv,cf21plus_firmware,body_rate,0.5,x,rad/s,68,0,12.974085442382659,17.866722414537
datasets/dataset/B7_oval_fast_rep3.csv,cf21plus_firmware,body_rate,0.5,y,rad/s,68,0,-21.37027377703723,31.387385336266103
datasets/dataset/B7_oval_fast_rep3.csv,cf21plus_firmware,body_rate,0.5,z,rad/s,68,0,-0.8458246523912439,1.4927626882821323
datasets/dataset/B7_oval_fast_rep3.csv,cf21plus_firmware,attitude_angle,0.5,angle,rad,68,0,1.724657505410211,1.9477453397368052
datasets/dataset/B7_oval_fast_rep3.csv,thrust_upgrade_firmware,body_specific_force,0,x,m/s^2,3443,0,-0.04250885423967761,0.3368218570156508
datasets/dataset/B7_oval_fast_rep3.csv,thrust_upgrade_firmware,body_specific_force,0,y,m/s^2,3443,0,0.03029985741707839,0.1765272023357815
datasets/dataset/B7_oval_fast_rep3.csv,thrust_upgrade_firmware,body_specific_force,0,z,m/s^2,3443,0,9.61988166455168,9.628965465006702
datasets/dataset/B7_oval_fast_rep3.csv,thrust_upgrade_firmware,angular_acceleration_diagnostic,0,x,rad/s^2,3443,0,47.815439584400124,63.665930080282564
datasets/dataset/B7_oval_fast_rep3.csv,thrust_upgrade_firmware,angular_acceleration_diagnostic,0,y,rad/s^2,3443,0,-70.76912848061235,110.9435428372742
datasets/dataset/B7_oval_fast_rep3.csv,thrust_upgrade_firmware,angular_acceleration_diagnostic,0,z,rad/s^2,3443,0,-2.122112214644376,4.314645597568665
datasets/dataset/B7_oval_fast_rep3.csv,thrust_upgrade_firmware,position,0.1,x,m,68,0,-0.004442951927632009,0.012217469422386563
datasets/dataset/B7_oval_fast_rep3.csv,thrust_upgrade_firmware,position,0.1,y,m,68,0,-0.003099016270195126,0.006299423585922092
datasets/dataset/B7_oval_fast_rep3.csv,thrust_upgrade_firmware,position,0.1,z,m,68,0,0.046295492115645896,0.04635550133356402
datasets/dataset/B7_oval_fast_rep3.csv,thrust_upgrade_firmware,velocity,0.1,x,m/s,68,0,-0.19142309521262896,0.38673231843242245
datasets/dataset/B7_oval_fast_rep3.csv,thrust_upgrade_firmware,velocity,0.1,y,m/s,68,0,-0.13157928786104814,0.21305676068892976
datasets/dataset/B7_oval_fast_rep3.csv,thrust_upgrade_firmware,velocity,0.1,z,m/s,68,0,0.8758161369047772,0.8798442496812627
datasets/dataset/B7_oval_fast_rep3.csv,thrust_upgrade_firmware,body_rate,0.1,x,rad/s,68,0,4.641301069529862,6.194058069856399
datasets/dataset/B7_oval_fast_rep3.csv,thrust_upgrade_firmware,body_rate,0.1,y,rad/s,68,0,-7.0470351423655275,10.970354842022259
datasets/dataset/B7_oval_fast_rep3.csv,thrust_upgrade_firmware,body_rate,0.1,z,rad/s,68,0,-0.2003933180860082,0.42252315364240506
datasets/dataset/B7_oval_fast_rep3.csv,thrust_upgrade_firmware,attitude_angle,0.1,angle,rad,68,0,0.5466174516357947,0.6301872633153695
datasets/dataset/B7_oval_fast_rep3.csv,thrust_upgrade_firmware,position,0.25,x,m,68,0,-0.08873592591171409,0.16759376132551101
datasets/dataset/B7_oval_fast_rep3.csv,thrust_upgrade_firmware,position,0.25,y,m,68,0,-0.07597039774242968,0.11429710483283777
datasets/dataset/B7_oval_fast_rep3.csv,thrust_upgrade_firmware,position,0.25,z,m,68,0,0.13831600531812271,0.1764594028773185
datasets/dataset/B7_oval_fast_rep3.csv,thrust_upgrade_firmware,velocity,0.25,x,m/s,68,0,-0.5492974252582802,1.410348778083517
datasets/dataset/B7_oval_fast_rep3.csv,thrust_upgrade_firmware,velocity,0.25,y,m/s,68,0,-0.7473762053063236,1.2292384033459698
datasets/dataset/B7_oval_fast_rep3.csv,thrust_upgrade_firmware,velocity,0.25,z,m/s,68,0,-0.08952167928796434,1.3278778455537903
datasets/dataset/B7_oval_fast_rep3.csv,thrust_upgrade_firmware,body_rate,0.25,x,rad/s,68,0,11.66670044128704,15.759846601581996
datasets/dataset/B7_oval_fast_rep3.csv,thrust_upgrade_firmware,body_rate,0.25,y,rad/s,68,0,-17.85587346615105,27.48908823418188
datasets/dataset/B7_oval_fast_rep3.csv,thrust_upgrade_firmware,body_rate,0.25,z,rad/s,68,0,-0.5464170939307427,1.0600314679950391
datasets/dataset/B7_oval_fast_rep3.csv,thrust_upgrade_firmware,attitude_angle,0.25,angle,rad,68,0,1.5583066513891608,1.7922188051445924
datasets/dataset/B7_oval_fast_rep3.csv,thrust_upgrade_firmware,position,0.5,x,m,68,0,-0.1856087622725341,0.5787804570705122
datasets/dataset/B7_oval_fast_rep3.csv,thrust_upgrade_firmware,position,0.5,y,m,68,0,-0.273975834768822,0.44976216871528035
datasets/dataset/B7_oval_fast_rep3.csv,thrust_upgrade_firmware,position,0.5,z,m,68,0,-0.22869677069356195,0.4749422329002562
datasets/dataset/B7_oval_fast_rep3.csv,thrust_upgrade_firmware,velocity,0.5,x,m/s,68,0,-0.40943333302913487,2.0254593402875836
datasets/dataset/B7_oval_fast_rep3.csv,thrust_upgrade_firmware,velocity,0.5,y,m/s,68,0,-0.7225782897603941,1.5749964154864922
datasets/dataset/B7_oval_fast_rep3.csv,thrust_upgrade_firmware,velocity,0.5,z,m/s,68,0,-2.7996620278412108,3.093325414270195
datasets/dataset/B7_oval_fast_rep3.csv,thrust_upgrade_firmware,body_rate,0.5,x,rad/s,68,0,21.487121131404447,30.12529170793997
datasets/dataset/B7_oval_fast_rep3.csv,thrust_upgrade_firmware,body_rate,0.5,y,rad/s,68,0,-37.35066376613409,54.226796786540525
datasets/dataset/B7_oval_fast_rep3.csv,thrust_upgrade_firmware,body_rate,0.5,z,rad/s,68,0,-1.1197563451620158,1.913518108692801
datasets/dataset/B7_oval_fast_rep3.csv,thrust_upgrade_firmware,attitude_angle,0.5,angle,rad,68,0,1.7236472542905097,1.94472873017606
datasets/dataset/B7_oval_fast_rep3.csv,legacy_propellers_firmware,body_specific_force,0,x,m/s^2,3443,0,-0.04250885423967761,0.3368218570156508
datasets/dataset/B7_oval_fast_rep3.csv,legacy_propellers_firmware,body_specific_force,0,y,m/s^2,3443,0,0.03029985741707839,0.1765272023357815
datasets/dataset/B7_oval_fast_rep3.csv,legacy_propellers_firmware,body_specific_force,0,z,m/s^2,3443,0,1.6131393661208293,1.6263190616719598
datasets/dataset/B7_oval_fast_rep3.csv,legacy_propellers_firmware,angular_acceleration_diagnostic,0,x,rad/s^2,3443,0,30.96329536996461,41.39114611537762
datasets/dataset/B7_oval_fast_rep3.csv,legacy_propellers_firmware,angular_acceleration_diagnostic,0,y,rad/s^2,3443,0,-45.83159504464607,71.94317223505068
datasets/dataset/B7_oval_fast_rep3.csv,legacy_propellers_firmware,angular_acceleration_diagnostic,0,z,rad/s^2,3443,0,-1.8922039789762786,3.9788343680260914
datasets/dataset/B7_oval_fast_rep3.csv,legacy_propellers_firmware,position,0.1,x,m,68,0,-0.001499429963585732,0.005229503076811593
datasets/dataset/B7_oval_fast_rep3.csv,legacy_propellers_firmware,position,0.1,y,m,68,0,-0.0011091539972177022,0.002686721049663357
datasets/dataset/B7_oval_fast_rep3.csv,legacy_propellers_firmware,position,0.1,z,m,68,0,0.007595264517549523,0.007684924752851398
datasets/dataset/B7_oval_fast_rep3.csv,legacy_propellers_firmware,velocity,0.1,x,m/s,68,0,-0.07092195378170177,0.16247033476506392
datasets/dataset/B7_oval_fast_rep3.csv,legacy_propellers_firmware,velocity,0.1,y,m/s,68,0,-0.05065043591756022,0.08789279569118541
datasets/dataset/B7_oval_fast_rep3.csv,legacy_propellers_firmware,velocity,0.1,z,m/s,68,0,0.13931710552850066,0.14248236333800338
datasets/dataset/B7_oval_fast_rep3.csv,legacy_propellers_firmware,body_rate,0.1,x,rad/s,68,0,3.013539684583949,4.02922233824515
datasets/dataset/B7_oval_fast_rep3.csv,legacy_propellers_firmware,body_rate,0.1,y,rad/s,68,0,-4.582606781231373,7.128573184786533
datasets/dataset/B7_oval_fast_rep3.csv,legacy_propellers_firmware,body_rate,0.1,z,rad/s,68,0,-0.17809853446103036,0.3890427704389247
datasets/dataset/B7_oval_fast_rep3.csv,legacy_propellers_firmware,attitude_angle,0.1,angle,rad,68,0,0.3573106312426977,0.4115248023937261
datasets/dataset/B7_oval_fast_rep3.csv,legacy_propellers_firmware,position,0.25,x,m,68,0,-0.05226985529824823,0.09463881522731019
datasets/dataset/B7_oval_fast_rep3.csv,legacy_propellers_firmware,position,0.25,y,m,68,0,-0.03831671184654213,0.05799299173740885
datasets/dataset/B7_oval_fast_rep3.csv,legacy_propellers_firmware,position,0.25,z,m,68,0,-0.007236561587440068,0.04830661434781088
datasets/dataset/B7_oval_fast_rep3.csv,legacy_propellers_firmware,velocity,0.25,x,m/s,68,0,-0.5350676201115345,0.9762060933630902
datasets/dataset/B7_oval_fast_rep3.csv,legacy_propellers_firmware,velocity,0.25,y,m/s,68,0,-0.4611976288343664,0.7112189077540098
datasets/dataset/B7_oval_fast_rep3.csv,legacy_propellers_firmware,velocity,0.25,z,m/s,68,0,-0.6904446069154595,1.0594208391994402
datasets/dataset/B7_oval_fast_rep3.csv,legacy_propellers_firmware,body_rate,0.25,x,rad/s,68,0,7.585458879501148,10.265612157995841
datasets/dataset/B7_oval_fast_rep3.csv,legacy_propellers_firmware,body_rate,0.25,y,rad/s,68,0,-11.538199310322705,17.809697295085442
datasets/dataset/B7_oval_fast_rep3.csv,legacy_propellers_firmware,body_rate,0.25,z,rad/s,68,0,-0.48799030460075615,0.9748456966511257
datasets/dataset/B7_oval_fast_rep3.csv,legacy_propellers_firmware,attitude_angle,0.25,angle,rad,68,0,1.7821511155199952,1.9544910827634239
datasets/dataset/B7_oval_fast_rep3.csv,legacy_propellers_firmware,position,0.5,x,m,68,0,-0.14159053950737632,0.37028068904800127
datasets/dataset/B7_oval_fast_rep3.csv,legacy_propellers_firmware,position,0.5,y,m,68,0,-0.18187626126350562,0.294116727854491
datasets/dataset/B7_oval_fast_rep3.csv,legacy_propellers_firmware,position,0.5,z,m,68,0,-0.5045056041318683,0.5757377216074971
datasets/dataset/B7_oval_fast_rep3.csv,legacy_propellers_firmware,velocity,0.5,x,m/s,68,0,-0.28783920356134246,1.4551757739582714
datasets/dataset/B7_oval_fast_rep3.csv,legacy_propellers_firmware,velocity,0.5,y,m/s,68,0,-0.5912831281321386,1.1864965313165756
datasets/dataset/B7_oval_fast_rep3.csv,legacy_propellers_firmware,velocity,0.5,z,m/s,68,0,-3.2920568473056915,3.455434795129069
datasets/dataset/B7_oval_fast_rep3.csv,legacy_propellers_firmware,body_rate,0.5,x,rad/s,68,0,14.235692779727035,19.873358081108616
datasets/dataset/B7_oval_fast_rep3.csv,legacy_propellers_firmware,body_rate,0.5,y,rad/s,68,0,-24.023998007267938,35.030339722539736
datasets/dataset/B7_oval_fast_rep3.csv,legacy_propellers_firmware,body_rate,0.5,z,rad/s,68,0,-1.0001926648612036,1.760715120795827
datasets/dataset/B7_oval_fast_rep3.csv,legacy_propellers_firmware,attitude_angle,0.5,angle,rad,68,0,1.7878747658884653,1.9646481303082906
datasets/dataset/B7_oval_fast_rep3.csv,persistence,body_specific_force,0,x,m/s^2,3443,0,1.7051007253716433e-05,0.006349429371464781
datasets/dataset/B7_oval_fast_rep3.csv,persistence,body_specific_force,0,y,m/s^2,3443,0,1.0012442209225558e-05,0.005520158026705749
datasets/dataset/B7_oval_fast_rep3.csv,persistence,body_specific_force,0,z,m/s^2,3443,0,-4.5939630878462056e-05,0.012529800218540279
datasets/dataset/B7_oval_fast_rep3.csv,persistence,angular_acceleration_diagnostic,0,x,rad/s^2,3443,0,0.0016867418965320275,2.1657602940238787
datasets/dataset/B7_oval_fast_rep3.csv,persistence,angular_acceleration_diagnostic,0,y,rad/s^2,3443,0,-0.0003459545798784221,3.859331731809623
datasets/dataset/B7_oval_fast_rep3.csv,persistence,angular_acceleration_diagnostic,0,z,rad/s^2,3443,0,-0.013943970574657332,0.537796934217179
datasets/dataset/B7_oval_fast_rep3.csv,persistence,position,0.1,x,m,68,0,5.3155743359694514e-05,0.005051665268056221
datasets/dataset/B7_oval_fast_rep3.csv,persistence,position,0.1,y,m,68,0,-2.7611360272360373e-05,0.0023175395870836694
datasets/dataset/B7_oval_fast_rep3.csv,persistence,position,0.1,z,m,68,0,0.00021360859680868982,0.0014616690860087425
datasets/dataset/B7_oval_fast_rep3.csv,persistence,velocity,0.1,x,m/s,68,0,0.0014738021764705794,0.10175044989631594
datasets/dataset/B7_oval_fast_rep3.csv,persistence,velocity,0.1,y,m/s,68,0,-0.0016249235882352894,0.04368971528823708
datasets/dataset/B7_oval_fast_rep3.csv,persistence,velocity,0.1,z,m/s,68,0,0.005011694352941174,0.02822078213903434
datasets/dataset/B7_oval_fast_rep3.csv,persistence,body_rate,0.1,x,rad/s,68,0,0.016150591970588234,0.1713153622172557
datasets/dataset/B7_oval_fast_rep3.csv,persistence,body_rate,0.1,y,rad/s,68,0,-0.057188697470588246,0.45063225487945846
datasets/dataset/B7_oval_fast_rep3.csv,persistence,body_rate,0.1,z,rad/s,68,0,0.0030067828382352945,0.05460338109010147
datasets/dataset/B7_oval_fast_rep3.csv,persistence,attitude_angle,0.1,angle,rad,68,0,0.02227729621174597,0.03233309109899258
datasets/dataset/B7_oval_fast_rep3.csv,persistence,position,0.25,x,m,68,0,0.00016820978476415506,0.031611404004662856
datasets/dataset/B7_oval_fast_rep3.csv,persistence,position,0.25,y,m,68,0,-9.339295456929003e-05,0.01348044794423831
datasets/dataset/B7_oval_fast_rep3.csv,persistence,position,0.25,z,m,68,0,0.0013977208470499867,0.008657119594295788
datasets/dataset/B7_oval_fast_rep3.csv,persistence,velocity,0.25,x,m/s,68,0,-0.0001858758676470666,0.25298033709447854
datasets/dataset/B7_oval_fast_rep3.csv,persistence,velocity,0.25,y,m/s,68,0,0.00020858199999999858,0.10442615163462866
datasets/dataset/B7_oval_fast_rep3.csv,persistence,velocity,0.25,z,m/s,68,0,0.011277283470588234,0.06818038376567714
datasets/dataset/B7_oval_fast_rep3.csv,persistence,body_rate,0.25,x,rad/s,68,0,-0.017623455691176473,0.2763627696158137
datasets/dataset/B7_oval_fast_rep3.csv,persistence,body_rate,0.25,y,rad/s,68,0,-0.0067489323676470595,0.5790197859811713
datasets/dataset/B7_oval_fast_rep3.csv,persistence,body_rate,0.25,z,rad/s,68,0,-0.0010779404117647034,0.10461283069751864
datasets/dataset/B7_oval_fast_rep3.csv,persistence,attitude_angle,0.25,angle,rad,68,0,0.07808009830335494,0.10940043317862296
datasets/dataset/B7_oval_fast_rep3.csv,persistence,position,0.5,x,m,68,0,0.0001365425266444112,0.12283692654826663
datasets/dataset/B7_oval_fast_rep3.csv,persistence,position,0.5,y,m,68,0,-7.290872059012862e-05,0.05144477614618823
datasets/dataset/B7_oval_fast_rep3.csv,persistence,position,0.5,z,m,68,0,0.005307451660322415,0.03219710231701656
datasets/dataset/B7_oval_fast_rep3.csv,persistence,velocity,0.5,x,m/s,68,0,-0.001173457691176473,0.4816035933726497
datasets/dataset/B7_oval_fast_rep3.csv,persistence,velocity,0.5,y,m/s,68,0,-0.0003264194852941191,0.20308534231094977
datasets/dataset/B7_oval_fast_rep3.csv,persistence,velocity,0.5,z,m/s,68,0,0.020272116720588235,0.12490921118620939
datasets/dataset/B7_oval_fast_rep3.csv,persistence,body_rate,0.5,x,rad/s,68,0,-0.0040736026323529425,0.2532918437120506
datasets/dataset/B7_oval_fast_rep3.csv,persistence,body_rate,0.5,y,rad/s,68,0,-0.00023082205882353878,0.5942602776577324
datasets/dataset/B7_oval_fast_rep3.csv,persistence,body_rate,0.5,z,rad/s,68,0,-0.002340376838235293,0.12760524123122538
datasets/dataset/B7_oval_fast_rep3.csv,persistence,attitude_angle,0.5,angle,rad,68,0,0.1760068359850594,0.23587058471304237
datasets/dataset/B7_oval_fast_rep3.csv,frame_check,vicon_body_rate_minus_imu,0,x,rad/s,3443,0,-0.00856387085779926,0.08208340558448246
datasets/dataset/B7_oval_fast_rep3.csv,frame_check,vicon_body_rate_minus_imu,0,y,rad/s,3443,0,0.0069748088068553055,0.1324172709985481
datasets/dataset/B7_oval_fast_rep3.csv,frame_check,vicon_body_rate_minus_imu,0,z,rad/s,3443,0,-0.007848407536370795,0.051480124771682734
datasets/dataset/B7_oval_medium_rep1.csv,cf21plus_firmware,body_specific_force,0,x,m/s^2,3446,0,-0.04102832283660845,0.2895378921448682
datasets/dataset/B7_oval_medium_rep1.csv,cf21plus_firmware,body_specific_force,0,y,m/s^2,3446,0,0.02070603243683559,0.12462998208495432
datasets/dataset/B7_oval_medium_rep1.csv,cf21plus_firmware,body_specific_force,0,z,m/s^2,3446,0,0.9530719083973558,0.9699307004384239
datasets/dataset/B7_oval_medium_rep1.csv,cf21plus_firmware,angular_acceleration_diagnostic,0,x,rad/s^2,3446,0,41.613202290353314,47.08098528039295
datasets/dataset/B7_oval_medium_rep1.csv,cf21plus_firmware,angular_acceleration_diagnostic,0,y,rad/s^2,3446,0,-61.22662038803954,76.9189439507925
datasets/dataset/B7_oval_medium_rep1.csv,cf21plus_firmware,angular_acceleration_diagnostic,0,z,rad/s^2,3446,0,1.042654366861207,3.0562451135779902
datasets/dataset/B7_oval_medium_rep1.csv,cf21plus_firmware,position,0.1,x,m,68,0,-0.0019282317215923693,0.0038821462134531843
datasets/dataset/B7_oval_medium_rep1.csv,cf21plus_firmware,position,0.1,y,m,68,0,-0.0014705376478902161,0.0022183196645575816
datasets/dataset/B7_oval_medium_rep1.csv,cf21plus_firmware,position,0.1,z,m,68,0,0.00439353316567442,0.004489893066826733
datasets/dataset/B7_oval_medium_rep1.csv,cf21plus_firmware,velocity,0.1,x,m/s,68,0,-0.09170040150228,0.13810525300280682
datasets/dataset/B7_oval_medium_rep1.csv,cf21plus_firmware,velocity,0.1,y,m/s,68,0,-0.06593828129019161,0.08393500654931817
datasets/dataset/B7_oval_medium_rep1.csv,cf21plus_firmware,velocity,0.1,z,m/s,68,0,0.07506126135830708,0.07876560998011839
datasets/dataset/B7_oval_medium_rep1.csv,cf21plus_firmware,body_rate,0.1,x,rad/s,68,0,4.153765437120924,4.686093350731929
datasets/dataset/B7_oval_medium_rep1.csv,cf21plus_firmware,body_rate,0.1,y,rad/s,68,0,-6.185595240476077,7.845257035114961
datasets/dataset/B7_oval_medium_rep1.csv,cf21plus_firmware,body_rate,0.1,z,rad/s,68,0,0.11670788948417048,0.3133505664479231
datasets/dataset/B7_oval_medium_rep1.csv,cf21plus_firmware,attitude_angle,0.1,angle,rad,68,0,0.40538014834406905,0.45050972316056553
datasets/dataset/B7_oval_medium_rep1.csv,cf21plus_firmware,position,0.25,x,m,68,0,-0.06792646813479129,0.0862705477518366
datasets/dataset/B7_oval_medium_rep1.csv,cf21plus_firmware,position,0.25,y,m,68,0,-0.05262074917198336,0.061768960581375446
datasets/dataset/B7_oval_medium_rep1.csv,cf21plus_firmware,position,0.25,z,m,68,0,-0.03294886897841339,0.05418187726888836
datasets/dataset/B7_oval_medium_rep1.csv,cf21plus_firmware,velocity,0.25,x,m/s,68,0,-0.7255053778733881,0.8738909087462556
datasets/dataset/B7_oval_medium_rep1.csv,cf21plus_firmware,velocity,0.25,y,m/s,68,0,-0.6460612390907106,0.767805373464363
datasets/dataset/B7_oval_medium_rep1.csv,cf21plus_firmware,velocity,0.25,z,m/s,68,0,-0.9636667820831074,1.2015368723317017
datasets/dataset/B7_oval_medium_rep1.csv,cf21plus_firmware,body_rate,0.25,x,rad/s,68,0,10.615091637060907,11.867256900509071
datasets/dataset/B7_oval_medium_rep1.csv,cf21plus_firmware,body_rate,0.25,y,rad/s,68,0,-15.135435191528643,18.6456832213649
datasets/dataset/B7_oval_medium_rep1.csv,cf21plus_firmware,body_rate,0.25,z,rad/s,68,0,0.27455347910585687,0.7471641746774658
datasets/dataset/B7_oval_medium_rep1.csv,cf21plus_firmware,attitude_angle,0.25,angle,rad,68,0,1.99300748501539,2.1334803203066257
datasets/dataset/B7_oval_medium_rep1.csv,cf21plus_firmware,position,0.5,x,m,68,0,-0.23017745485064753,0.282440937822498
datasets/dataset/B7_oval_medium_rep1.csv,cf21plus_firmware,position,0.5,y,m,68,0,-0.23885342719365704,0.294140587530051
datasets/dataset/B7_oval_medium_rep1.csv,cf21plus_firmware,position,0.5,z,m,68,0,-0.6149667859532427,0.6530461994656892
datasets/dataset/B7_oval_medium_rep1.csv,cf21plus_firmware,velocity,0.5,x,m/s,68,0,-0.6133195751205018,0.904281717825348
datasets/dataset/B7_oval_medium_rep1.csv,cf21plus_firmware,velocity,0.5,y,m/s,68,0,-0.7157923879338881,0.9806137357290723
datasets/dataset/B7_oval_medium_rep1.csv,cf21plus_firmware,velocity,0.5,z,m/s,68,0,-3.6324537701314803,3.720537300550551
datasets/dataset/B7_oval_medium_rep1.csv,cf21plus_firmware,body_rate,0.5,x,rad/s,68,0,22.247501077380416,25.372648884642476
datasets/dataset/B7_oval_medium_rep1.csv,cf21plus_firmware,body_rate,0.5,y,rad/s,68,0,-28.966930099990833,36.54021453403578
datasets/dataset/B7_oval_medium_rep1.csv,cf21plus_firmware,body_rate,0.5,z,rad/s,68,0,0.5594971934291071,1.4429673301190695
datasets/dataset/B7_oval_medium_rep1.csv,cf21plus_firmware,attitude_angle,0.5,angle,rad,68,0,1.6016747829596771,1.799283574130663
datasets/dataset/B7_oval_medium_rep1.csv,thrust_upgrade_firmware,body_specific_force,0,x,m/s^2,3446,0,-0.04102832283660845,0.2895378921448682
datasets/dataset/B7_oval_medium_rep1.csv,thrust_upgrade_firmware,body_specific_force,0,y,m/s^2,3446,0,0.02070603243683559,0.12462998208495432
datasets/dataset/B7_oval_medium_rep1.csv,thrust_upgrade_firmware,body_specific_force,0,z,m/s^2,3446,0,9.857740767538564,9.865960240406254
datasets/dataset/B7_oval_medium_rep1.csv,thrust_upgrade_firmware,angular_acceleration_diagnostic,0,x,rad/s^2,3446,0,70.95287796756142,80.07893328121797
datasets/dataset/B7_oval_medium_rep1.csv,thrust_upgrade_firmware,angular_acceleration_diagnostic,0,y,rad/s^2,3446,0,-104.50385730094409,131.49826977835679
datasets/dataset/B7_oval_medium_rep1.csv,thrust_upgrade_firmware,angular_acceleration_diagnostic,0,z,rad/s^2,3446,0,1.1224640121637215,3.8057407196797635
datasets/dataset/B7_oval_medium_rep1.csv,thrust_upgrade_firmware,position,0.1,x,m,68,0,-0.006743005995036693,0.011185207486433296
datasets/dataset/B7_oval_medium_rep1.csv,thrust_upgrade_firmware,position,0.1,y,m,68,0,-0.004977948822689585,0.006662571262336678
datasets/dataset/B7_oval_medium_rep1.csv,thrust_upgrade_firmware,position,0.1,z,m,68,0,0.047248431440714486,0.04730459701051185
datasets/dataset/B7_oval_medium_rep1.csv,thrust_upgrade_firmware,velocity,0.1,x,m/s,68,0,-0.2893725095346964,0.40066371080403357
datasets/dataset/B7_oval_medium_rep1.csv,thrust_upgrade_firmware,velocity,0.1,y,m/s,68,0,-0.2063776642072566,0.2502651393592231
datasets/dataset/B7_oval_medium_rep1.csv,thrust_upgrade_firmware,velocity,0.1,z,m/s,68,0,0.8748338429800079,0.8798241504823898
datasets/dataset/B7_oval_medium_rep1.csv,thrust_upgrade_firmware,body_rate,0.1,x,rad/s,68,0,7.054077533012749,7.957778322722053
datasets/dataset/B7_oval_medium_rep1.csv,thrust_upgrade_firmware,body_rate,0.1,y,rad/s,68,0,-10.536178415944569,13.436312058236775
datasets/dataset/B7_oval_medium_rep1.csv,thrust_upgrade_firmware,body_rate,0.1,z,rad/s,68,0,0.12881952083116854,0.3900719582557921
datasets/dataset/B7_oval_medium_rep1.csv,thrust_upgrade_firmware,attitude_angle,0.1,angle,rad,68,0,0.6912912151009184,0.7681931200494256
datasets/dataset/B7_oval_medium_rep1.csv,thrust_upgrade_firmware,position,0.25,x,m,68,0,-0.12685446470619516,0.15459744987844315
datasets/dataset/B7_oval_medium_rep1.csv,thrust_upgrade_firmware,position,0.25,y,m,68,0,-0.11323846466483074,0.13299973368462367
datasets/dataset/B7_oval_medium_rep1.csv,thrust_upgrade_firmware,position,0.25,z,m,68,0,0.10150460680828718,0.14648135407315685
datasets/dataset/B7_oval_medium_rep1.csv,thrust_upgrade_firmware,velocity,0.25,x,m/s,68,0,-0.8691523671656112,1.107475307208631
datasets/dataset/B7_oval_medium_rep1.csv,thrust_upgrade_firmware,velocity,0.25,y,m/s,68,0,-1.0341382990952581,1.3368323890230407
datasets/dataset/B7_oval_medium_rep1.csv,thrust_upgrade_firmware,velocity,0.25,z,m/s,68,0,-0.5146109251668093,1.2277444632940315
datasets/dataset/B7_oval_medium_rep1.csv,thrust_upgrade_firmware,body_rate,0.25,x,rad/s,68,0,18.07538733238538,20.193458633222342
datasets/dataset/B7_oval_medium_rep1.csv,thrust_upgrade_firmware,body_rate,0.25,y,rad/s,68,0,-25.78244899346586,31.855137408971842
datasets/dataset/B7_oval_medium_rep1.csv,thrust_upgrade_firmware,body_rate,0.25,z,rad/s,68,0,0.3007043964634814,0.9313854177306164
datasets/dataset/B7_oval_medium_rep1.csv,thrust_upgrade_firmware,attitude_angle,0.25,angle,rad,68,0,1.5464376147677417,1.7943932271636192
datasets/dataset/B7_oval_medium_rep1.csv,thrust_upgrade_firmware,position,0.5,x,m,68,0,-0.3400213098173394,0.42229528638578917
datasets/dataset/B7_oval_medium_rep1.csv,thrust_upgrade_firmware,position,0.5,y,m,68,0,-0.3682939012912715,0.4545001220262826
datasets/dataset/B7_oval_medium_rep1.csv,thrust_upgrade_firmware,position,0.5,z,m,68,0,-0.34969179253841515,0.5061351312267911
datasets/dataset/B7_oval_medium_rep1.csv,thrust_upgrade_firmware,velocity,0.5,x,m/s,68,0,-0.8360558616792697,1.1922366466422016
datasets/dataset/B7_oval_medium_rep1.csv,thrust_upgrade_firmware,velocity,0.5,y,m/s,68,0,-1.0419620783502441,1.4348693517487587
datasets/dataset/B7_oval_medium_rep1.csv,thrust_upgrade_firmware,velocity,0.5,z,m/s,68,0,-2.9769368428329033,3.1806966236866274
datasets/dataset/B7_oval_medium_rep1.csv,thrust_upgrade_firmware,body_rate,0.5,x,rad/s,68,0,37.714427887246444,43.30848093957945
datasets/dataset/B7_oval_medium_rep1.csv,thrust_upgrade_firmware,body_rate,0.5,y,rad/s,68,0,-48.93554410651231,62.31637080252096
datasets/dataset/B7_oval_medium_rep1.csv,thrust_upgrade_firmware,body_rate,0.5,z,rad/s,68,0,0.6081843896719704,1.7967345041068468
datasets/dataset/B7_oval_medium_rep1.csv,thrust_upgrade_firmware,attitude_angle,0.5,angle,rad,68,0,1.7865841478874938,1.9756629018493777
datasets/dataset/B7_oval_medium_rep1.csv,legacy_propellers_firmware,body_specific_force,0,x,m/s^2,3446,0,-0.04102832283660845,0.2895378921448682
datasets/dataset/B7_oval_medium_rep1.csv,legacy_propellers_firmware,body_specific_force,0,y,m/s^2,3446,0,0.02070603243683559,0.12462998208495432
datasets/dataset/B7_oval_medium_rep1.csv,legacy_propellers_firmware,body_specific_force,0,z,m/s^2,3446,0,1.779275562842992,1.7918211577334024
datasets/dataset/B7_oval_medium_rep1.csv,legacy_propellers_firmware,angular_acceleration_diagnostic,0,x,rad/s^2,3446,0,46.36238248954254,52.42722612695541
datasets/dataset/B7_oval_medium_rep1.csv,legacy_propellers_firmware,angular_acceleration_diagnostic,0,y,rad/s^2,3446,0,-68.23086488797748,85.74130538682422
datasets/dataset/B7_oval_medium_rep1.csv,legacy_propellers_firmware,angular_acceleration_diagnostic,0,z,rad/s^2,3446,0,1.1858883411207628,3.5777048226938595
datasets/dataset/B7_oval_medium_rep1.csv,legacy_propellers_firmware,position,0.1,x,m,68,0,-0.0023909902372600744,0.004523311729361932
datasets/dataset/B7_oval_medium_rep1.csv,legacy_propellers_firmware,position,0.1,y,m,68,0,-0.001807942020581754,0.002628938866287533
datasets/dataset/B7_oval_medium_rep1.csv,legacy_propellers_firmware,position,0.1,z,m,68,0,0.008389120486989324,0.0084588436401011
datasets/dataset/B7_oval_medium_rep1.csv,legacy_propellers_firmware,velocity,0.1,x,m/s,68,0,-0.11096872811502416,0.1631796138877422
datasets/dataset/B7_oval_medium_rep1.csv,legacy_propellers_firmware,velocity,0.1,y,m/s,68,0,-0.07960429042148397,0.10001365947783346
datasets/dataset/B7_oval_medium_rep1.csv,legacy_propellers_firmware,velocity,0.1,z,m/s,68,0,0.1503798352903961,0.15328156243026045
datasets/dataset/B7_oval_medium_rep1.csv,legacy_propellers_firmware,body_rate,0.1,x,rad/s,68,0,4.625308645931138,5.218663018296198
datasets/dataset/B7_oval_medium_rep1.csv,legacy_propellers_firmware,body_rate,0.1,y,rad/s,68,0,-6.8879379654835535,8.747411197775877
datasets/dataset/B7_oval_medium_rep1.csv,legacy_propellers_firmware,body_rate,0.1,z,rad/s,68,0,0.13369858883500937,0.365399701174852
datasets/dataset/B7_oval_medium_rep1.csv,legacy_propellers_firmware,attitude_angle,0.1,angle,rad,68,0,0.45172067901518387,0.501947768434882
datasets/dataset/B7_oval_medium_rep1.csv,legacy_propellers_firmware,position,0.25,x,m,68,0,-0.07505975818951142,0.09422426926778714
datasets/dataset/B7_oval_medium_rep1.csv,legacy_propellers_firmware,position,0.25,y,m,68,0,-0.05970893940798468,0.07002230426701017
datasets/dataset/B7_oval_medium_rep1.csv,legacy_propellers_firmware,position,0.25,z,m,68,0,-0.0225804056064251,0.055929205926833994
datasets/dataset/B7_oval_medium_rep1.csv,legacy_propellers_firmware,velocity,0.25,x,m/s,68,0,-0.7280170218190699,0.8803378468928416
datasets/dataset/B7_oval_medium_rep1.csv,legacy_propellers_firmware,velocity,0.25,y,m/s,68,0,-0.692804024792222,0.8364162606988301
datasets/dataset/B7_oval_medium_rep1.csv,legacy_propellers_firmware,velocity,0.25,z,m/s,68,0,-0.9808321802134325,1.2580783051564335
datasets/dataset/B7_oval_medium_rep1.csv,legacy_propellers_firmware,body_rate,0.25,x,rad/s,68,0,11.849390360251881,13.253735358541714
datasets/dataset/B7_oval_medium_rep1.csv,legacy_propellers_firmware,body_rate,0.25,y,rad/s,68,0,-16.82964687226171,20.758194800720947
datasets/dataset/B7_oval_medium_rep1.csv,legacy_propellers_firmware,body_rate,0.25,z,rad/s,68,0,0.31413493094654416,0.8733104904505132
datasets/dataset/B7_oval_medium_rep1.csv,legacy_propellers_firmware,attitude_angle,0.25,angle,rad,68,0,1.9354105888831674,2.0673605995259097
datasets/dataset/B7_oval_medium_rep1.csv,legacy_propellers_firmware,position,0.5,x,m,68,0,-0.235724907433897,0.2923195811917752
datasets/dataset/B7_oval_medium_rep1.csv,legacy_propellers_firmware,position,0.5,y,m,68,0,-0.24947837881228127,0.30784701804250664
datasets/dataset/B7_oval_medium_rep1.csv,legacy_propellers_firmware,position,0.5,z,m,68,0,-0.6001951010975636,0.6433839646335917
datasets/dataset/B7_oval_medium_rep1.csv,legacy_propellers_firmware,velocity,0.5,x,m/s,68,0,-0.5863339276621174,0.9014228909779907
datasets/dataset/B7_oval_medium_rep1.csv,legacy_propellers_firmware,velocity,0.5,y,m/s,68,0,-0.715722332771653,0.9953324554614509
datasets/dataset/B7_oval_medium_rep1.csv,legacy_propellers_firmware,velocity,0.5,z,m/s,68,0,-3.56517397778536,3.6555163358600202
datasets/dataset/B7_oval_medium_rep1.csv,legacy_propellers_firmware,body_rate,0.5,x,rad/s,68,0,24.911088091985153,28.564949763824348
datasets/dataset/B7_oval_medium_rep1.csv,legacy_propellers_firmware,body_rate,0.5,y,rad/s,68,0,-31.918003459491768,40.495079140422874
datasets/dataset/B7_oval_medium_rep1.csv,legacy_propellers_firmware,body_rate,0.5,z,rad/s,68,0,0.6375260660281077,1.690442778738153
datasets/dataset/B7_oval_medium_rep1.csv,legacy_propellers_firmware,attitude_angle,0.5,angle,rad,68,0,1.4269966855986698,1.652621856574515
datasets/dataset/B7_oval_medium_rep1.csv,persistence,body_specific_force,0,x,m/s^2,3446,0,9.810082038991292e-06,0.006542477494600697
datasets/dataset/B7_oval_medium_rep1.csv,persistence,body_specific_force,0,y,m/s^2,3446,0,1.0630845655305232e-05,0.005431006349198967
datasets/dataset/B7_oval_medium_rep1.csv,persistence,body_specific_force,0,z,m/s^2,3446,0,7.183791364691696e-06,0.009615196090618314
datasets/dataset/B7_oval_medium_rep1.csv,persistence,angular_acceleration_diagnostic,0,x,rad/s^2,3446,0,0.0021535269609132255,1.8709700517724939
datasets/dataset/B7_oval_medium_rep1.csv,persistence,angular_acceleration_diagnostic,0,y,rad/s^2,3446,0,0.0024224818558975757,3.800727311862433
datasets/dataset/B7_oval_medium_rep1.csv,persistence,angular_acceleration_diagnostic,0,z,rad/s^2,3446,0,0.005463081621949172,0.44039721268808
datasets/dataset/B7_oval_medium_rep1.csv,persistence,position,0.1,x,m,68,0,-2.189406965970089e-05,0.00468987721433292
datasets/dataset/B7_oval_medium_rep1.csv,persistence,position,0.1,y,m,68,0,5.2730149184292515e-05,0.0018260344449094422
datasets/dataset/B7_oval_medium_rep1.csv,persistence,position,0.1,z,m,68,0,0.00018973213017531624,0.0011916484871945926
datasets/dataset/B7_oval_medium_rep1.csv,persistence,velocity,0.1,x,m/s,68,0,-0.0006405445735294152,0.09307528199066326
datasets/dataset/B7_oval_medium_rep1.csv,persistence,velocity,0.1,y,m/s,68,0,0.0005988273088235308,0.03548051402190423
datasets/dataset/B7_oval_medium_rep1.csv,persistence,velocity,0.1,z,m/s,68,0,0.004679985544117647,0.024246241333173706
datasets/dataset/B7_oval_medium_rep1.csv,persistence,body_rate,0.1,x,rad/s,68,0,0.03278548623529413,0.17622080863174677
datasets/dataset/B7_oval_medium_rep1.csv,persistence,body_rate,0.1,y,rad/s,68,0,-0.02528816407352941,0.3834881841226162
datasets/dataset/B7_oval_medium_rep1.csv,persistence,body_rate,0.1,z,rad/s,68,0,-0.0024154936029411756,0.0454814183625315
datasets/dataset/B7_oval_medium_rep1.csv,persistence,attitude_angle,0.1,angle,rad,68,0,0.02059821019058104,0.02830405922424966
datasets/dataset/B7_oval_medium_rep1.csv,persistence,position,0.25,x,m,68,0,-0.00013298761829686596,0.02872520741569043
datasets/dataset/B7_oval_medium_rep1.csv,persistence,position,0.25,y,m,68,0,0.0001436145957952617,0.010837288706117408
datasets/dataset/B7_oval_medium_rep1.csv,persistence,position,0.25,z,m,68,0,0.0014258474487289067,0.007419573579085267
datasets/dataset/B7_oval_medium_rep1.csv,persistence,velocity,0.25,x,m/s,68,0,-0.0010031923529411808,0.22760537083374813
datasets/dataset/B7_oval_medium_rep1.csv,persistence,velocity,0.25,y,m/s,68,0,0.0006513068529411771,0.08408025179438654
datasets/dataset/B7_oval_medium_rep1.csv,persistence,velocity,0.25,z,m/s,68,0,0.011263278308823529,0.058706899158253965
datasets/dataset/B7_oval_medium_rep1.csv,persistence,body_rate,0.25,x,rad/s,68,0,0.02012082102941177,0.17429698967100138
datasets/dataset/B7_oval_medium_rep1.csv,persistence,body_rate,0.25,y,rad/s,68,0,-0.023048434117647076,0.4563226848928176
datasets/dataset/B7_oval_medium_rep1.csv,persistence,body_rate,0.25,z,rad/s,68,0,-0.005998358397058823,0.07626108569411688
datasets/dataset/B7_oval_medium_rep1.csv,persistence,attitude_angle,0.25,angle,rad,68,0,0.06359304383396394,0.08722066098902231
datasets/dataset/B7_oval_medium_rep1.csv,persistence,position,0.5,x,m,68,0,-0.00029134131769484886,0.11012838165265432
datasets/dataset/B7_oval_medium_rep1.csv,persistence,position,0.5,y,m,68,0,0.00019615566003245468,0.04033386323569025
datasets/dataset/B7_oval_medium_rep1.csv,persistence,position,0.5,z,m,68,0,0.005449579635757357,0.02728613748002618
datasets/dataset/B7_oval_medium_rep1.csv,persistence,velocity,0.5,x,m/s,68,0,-0.0007144131764706038,0.43007756943368136
datasets/dataset/B7_oval_medium_rep1.csv,persistence,velocity,0.5,y,m/s,68,0,0.0002362513088235303,0.15491741392077124
datasets/dataset/B7_oval_medium_rep1.csv,persistence,velocity,0.5,z,m/s,68,0,0.021107395647058828,0.10069657932467069
datasets/dataset/B7_oval_medium_rep1.csv,persistence,body_rate,0.5,x,rad/s,68,0,0.0028152027647058817,0.1710545203815404
datasets/dataset/B7_oval_medium_rep1.csv,persistence,body_rate,0.5,y,rad/s,68,0,0.002339831308823523,0.38399243498132324
datasets/dataset/B7_oval_medium_rep1.csv,persistence,body_rate,0.5,z,rad/s,68,0,0.0021288903235294116,0.09467040843289742
datasets/dataset/B7_oval_medium_rep1.csv,persistence,attitude_angle,0.5,angle,rad,68,0,0.12204386784908927,0.16481938962219733
datasets/dataset/B7_oval_medium_rep1.csv,frame_check,vicon_body_rate_minus_imu,0,x,rad/s,3446,0,0.0012891030830774744,0.0649635764146306
datasets/dataset/B7_oval_medium_rep1.csv,frame_check,vicon_body_rate_minus_imu,0,y,rad/s,3446,0,-0.003043957910115412,0.1343876348275826
datasets/dataset/B7_oval_medium_rep1.csv,frame_check,vicon_body_rate_minus_imu,0,z,rad/s,3446,0,-0.005942690699648743,0.054504682926152105
datasets/dataset/B7_oval_medium_rep2.csv,cf21plus_firmware,body_specific_force,0,x,m/s^2,3436,0,-0.04629319962562837,0.27039442095857297
datasets/dataset/B7_oval_medium_rep2.csv,cf21plus_firmware,body_specific_force,0,y,m/s^2,3436,0,0.03178891445475342,0.1333611924886146
datasets/dataset/B7_oval_medium_rep2.csv,cf21plus_firmware,body_specific_force,0,z,m/s^2,3436,0,1.1294967509260976,1.139062518472706
datasets/dataset/B7_oval_medium_rep2.csv,cf21plus_firmware,angular_acceleration_diagnostic,0,x,rad/s^2,3436,0,30.61467190715707,36.49629857552328
datasets/dataset/B7_oval_medium_rep2.csv,cf21plus_firmware,angular_acceleration_diagnostic,0,y,rad/s^2,3436,0,-45.30900037957747,64.41387967058203
datasets/dataset/B7_oval_medium_rep2.csv,cf21plus_firmware,angular_acceleration_diagnostic,0,z,rad/s^2,3436,0,-1.0232894153065188,2.696683930700656
datasets/dataset/B7_oval_medium_rep2.csv,cf21plus_firmware,position,0.1,x,m,68,0,-0.0015311815377893187,0.00391986992160297
datasets/dataset/B7_oval_medium_rep2.csv,cf21plus_firmware,position,0.1,y,m,68,0,-0.0010393506769164704,0.00188221809661517
datasets/dataset/B7_oval_medium_rep2.csv,cf21plus_firmware,position,0.1,z,m,68,0,0.005434214681289954,0.005498811092989593
datasets/dataset/B7_oval_medium_rep2.csv,cf21plus_firmware,velocity,0.1,x,m/s,68,0,-0.07088219207947805,0.13182001857992381
datasets/dataset/B7_oval_medium_rep2.csv,cf21plus_firmware,velocity,0.1,y,m/s,68,0,-0.047022406968397226,0.0667813757415619
datasets/dataset/B7_oval_medium_rep2.csv,cf21plus_firmware,velocity,0.1,z,m/s,68,0,0.09871657629913655,0.101211303074042
datasets/dataset/B7_oval_medium_rep2.csv,cf21plus_firmware,body_rate,0.1,x,rad/s,68,0,2.999247886260019,3.539851085073754
datasets/dataset/B7_oval_medium_rep2.csv,cf21plus_firmware,body_rate,0.1,y,rad/s,68,0,-4.528035019545918,6.385670817508018
datasets/dataset/B7_oval_medium_rep2.csv,cf21plus_firmware,body_rate,0.1,z,rad/s,68,0,-0.10174714315506639,0.27677077718497095
datasets/dataset/B7_oval_medium_rep2.csv,cf21plus_firmware,attitude_angle,0.1,angle,rad,68,0,0.3217108026351739,0.36277262886275824
datasets/dataset/B7_oval_medium_rep2.csv,cf21plus_firmware,position,0.25,x,m,68,0,-0.05622797527082025,0.08518152098096246
datasets/dataset/B7_oval_medium_rep2.csv,cf21plus_firmware,position,0.25,y,m,68,0,-0.041472821444092034,0.05205899524440788
datasets/dataset/B7_oval_medium_rep2.csv,cf21plus_firmware,position,0.25,z,m,68,0,-0.011018741770306472,0.03963245723931612
datasets/dataset/B7_oval_medium_rep2.csv,cf21plus_firmware,velocity,0.25,x,m/s,68,0,-0.6601916672505411,0.9567040502463144
datasets/dataset/B7_oval_medium_rep2.csv,cf21plus_firmware,velocity,0.25,y,m/s,68,0,-0.5537775662500154,0.6929075475523331
datasets/dataset/B7_oval_medium_rep2.csv,cf21plus_firmware,velocity,0.25,z,m/s,68,0,-0.6599934794506028,0.9485895497323608
datasets/dataset/B7_oval_medium_rep2.csv,cf21plus_firmware,body_rate,0.25,x,rad/s,68,0,7.5349840164926265,8.970363428745646
datasets/dataset/B7_oval_medium_rep2.csv,cf21plus_firmware,body_rate,0.25,y,rad/s,68,0,-11.380099067748553,15.921038332109262
datasets/dataset/B7_oval_medium_rep2.csv,cf21plus_firmware,body_rate,0.25,z,rad/s,68,0,-0.2528787098031785,0.6571179292790997
datasets/dataset/B7_oval_medium_rep2.csv,cf21plus_firmware,attitude_angle,0.25,angle,rad,68,0,1.84980279491646,2.028415342722327
datasets/dataset/B7_oval_medium_rep2.csv,cf21plus_firmware,position,0.5,x,m,68,0,-0.20342036885025983,0.3351489611235549
datasets/dataset/B7_oval_medium_rep2.csv,cf21plus_firmware,position,0.5,y,m,68,0,-0.22267004132583904,0.28218151986897505
datasets/dataset/B7_oval_medium_rep2.csv,cf21plus_firmware,position,0.5,z,m,68,0,-0.5276099698874639,0.583613401710118
datasets/dataset/B7_oval_medium_rep2.csv,cf21plus_firmware,velocity,0.5,x,m/s,68,0,-0.5337567913797555,1.1729711812164552
datasets/dataset/B7_oval_medium_rep2.csv,cf21plus_firmware,velocity,0.5,y,m/s,68,0,-0.7406258867588159,1.0819010302145053
datasets/dataset/B7_oval_medium_rep2.csv,cf21plus_firmware,velocity,0.5,z,m/s,68,0,-3.3301061945037005,3.4691620996670434
datasets/dataset/B7_oval_medium_rep2.csv,cf21plus_firmware,body_rate,0.5,x,rad/s,68,0,13.822862596000382,17.168992217128288
datasets/dataset/B7_oval_medium_rep2.csv,cf21plus_firmware,body_rate,0.5,y,rad/s,68,0,-23.19971453264634,32.165818547931885
datasets/dataset/B7_oval_medium_rep2.csv,cf21plus_firmware,body_rate,0.5,z,rad/s,68,0,-0.5051063600029839,1.2690054328339349
datasets/dataset/B7_oval_medium_rep2.csv,cf21plus_firmware,attitude_angle,0.5,angle,rad,68,0,1.5664348646173878,1.8022665304412522
datasets/dataset/B7_oval_medium_rep2.csv,thrust_upgrade_firmware,body_specific_force,0,x,m/s^2,3436,0,-0.04629319962562837,0.27039442095857297
datasets/dataset/B7_oval_medium_rep2.csv,thrust_upgrade_firmware,body_specific_force,0,y,m/s^2,3436,0,0.03178891445475342,0.1333611924886146
datasets/dataset/B7_oval_medium_rep2.csv,thrust_upgrade_firmware,body_specific_force,0,z,m/s^2,3436,0,10.175187528842663,10.181193388508957
datasets/dataset/B7_oval_medium_rep2.csv,thrust_upgrade_firmware,angular_acceleration_diagnostic,0,x,rad/s^2,3436,0,52.39043755146602,62.211138856416206
datasets/dataset/B7_oval_medium_rep2.csv,thrust_upgrade_firmware,angular_acceleration_diagnostic,0,y,rad/s^2,3436,0,-77.29344733242682,109.88307564033288
datasets/dataset/B7_oval_medium_rep2.csv,thrust_upgrade_firmware,angular_acceleration_diagnostic,0,z,rad/s^2,3436,0,-1.3777440514129369,3.4609218114033724
datasets/dataset/B7_oval_medium_rep2.csv,thrust_upgrade_firmware,position,0.1,x,m,68,0,-0.005348502077850879,0.010862886423086946
datasets/dataset/B7_oval_medium_rep2.csv,thrust_upgrade_firmware,position,0.1,y,m,68,0,-0.003624436555884349,0.005416632637149803
datasets/dataset/B7_oval_medium_rep2.csv,thrust_upgrade_firmware,position,0.1,z,m,68,0,0.04944332265032367,0.04949363990904227
datasets/dataset/B7_oval_medium_rep2.csv,thrust_upgrade_firmware,velocity,0.1,x,m/s,68,0,-0.22671300738629474,0.3728608767999529
datasets/dataset/B7_oval_medium_rep2.csv,thrust_upgrade_firmware,velocity,0.1,y,m/s,68,0,-0.15335440761626346,0.19888765258446317
datasets/dataset/B7_oval_medium_rep2.csv,thrust_upgrade_firmware,velocity,0.1,z,m/s,68,0,0.9381795053790318,0.9419552841149588
datasets/dataset/B7_oval_medium_rep2.csv,thrust_upgrade_firmware,body_rate,0.1,x,rad/s,68,0,5.131453508391562,6.03507311215647
datasets/dataset/B7_oval_medium_rep2.csv,thrust_upgrade_firmware,body_rate,0.1,y,rad/s,68,0,-7.727502683520226,10.884156894125931
datasets/dataset/B7_oval_medium_rep2.csv,thrust_upgrade_firmware,body_rate,0.1,z,rad/s,68,0,-0.13631911878846498,0.3559050944292035
datasets/dataset/B7_oval_medium_rep2.csv,thrust_upgrade_firmware,attitude_angle,0.1,angle,rad,68,0,0.5502565515589452,0.6200982726751167
datasets/dataset/B7_oval_medium_rep2.csv,thrust_upgrade_firmware,position,0.25,x,m,68,0,-0.11393859062422643,0.169399306386315
datasets/dataset/B7_oval_medium_rep2.csv,thrust_upgrade_firmware,position,0.25,y,m,68,0,-0.09887129587958081,0.12137870145313535
datasets/dataset/B7_oval_medium_rep2.csv,thrust_upgrade_firmware,position,0.25,z,m,68,0,0.14898226180886381,0.18375355481178843
datasets/dataset/B7_oval_medium_rep2.csv,thrust_upgrade_firmware,velocity,0.25,x,m/s,68,0,-0.8416798568731351,1.4320124354019155
datasets/dataset/B7_oval_medium_rep2.csv,thrust_upgrade_firmware,velocity,0.25,y,m/s,68,0,-1.0300611876391876,1.3355576026212115
datasets/dataset/B7_oval_medium_rep2.csv,thrust_upgrade_firmware,velocity,0.25,z,m/s,68,0,-0.15842303858016785,1.3064104307441564
datasets/dataset/B7_oval_medium_rep2.csv,thrust_upgrade_firmware,body_rate,0.25,x,rad/s,68,0,12.775922546606019,15.2068458228056
datasets/dataset/B7_oval_medium_rep2.csv,thrust_upgrade_firmware,body_rate,0.25,y,rad/s,68,0,-19.44746974300799,27.17446106004011
datasets/dataset/B7_oval_medium_rep2.csv,thrust_upgrade_firmware,body_rate,0.25,z,rad/s,68,0,-0.34070602004289,0.8473118460998112
datasets/dataset/B7_oval_medium_rep2.csv,thrust_upgrade_firmware,attitude_angle,0.25,angle,rad,68,0,1.6853167038734076,1.932721736432203
datasets/dataset/B7_oval_medium_rep2.csv,thrust_upgrade_firmware,position,0.5,x,m,68,0,-0.3092878584677337,0.5359431729819707
datasets/dataset/B7_oval_medium_rep2.csv,thrust_upgrade_firmware,position,0.5,y,m,68,0,-0.3709770635406101,0.4648745579648976
datasets/dataset/B7_oval_medium_rep2.csv,thrust_upgrade_firmware,position,0.5,z,m,68,0,-0.2289734650225231,0.465007441794092
datasets/dataset/B7_oval_medium_rep2.csv,thrust_upgrade_firmware,velocity,0.5,x,m/s,68,0,-0.8083183357984469,1.683606684155151
datasets/dataset/B7_oval_medium_rep2.csv,thrust_upgrade_firmware,velocity,0.5,y,m/s,68,0,-1.0927928701945462,1.5894742660020995
datasets/dataset/B7_oval_medium_rep2.csv,thrust_upgrade_firmware,velocity,0.5,z,m/s,68,0,-2.837625257311069,3.1191008974457004
datasets/dataset/B7_oval_medium_rep2.csv,thrust_upgrade_firmware,body_rate,0.5,x,rad/s,68,0,22.629282066460714,28.682788659477783
datasets/dataset/B7_oval_medium_rep2.csv,thrust_upgrade_firmware,body_rate,0.5,y,rad/s,68,0,-39.86132667632279,55.09877277416324
datasets/dataset/B7_oval_medium_rep2.csv,thrust_upgrade_firmware,body_rate,0.5,z,rad/s,68,0,-0.6808349833983506,1.635074356165017
datasets/dataset/B7_oval_medium_rep2.csv,thrust_upgrade_firmware,attitude_angle,0.5,angle,rad,68,0,1.6495809442299951,1.8844447846215713
datasets/dataset/B7_oval_medium_rep2.csv,legacy_propellers_firmware,body_specific_force,0,x,m/s^2,3436,0,-0.04629319962562837,0.27039442095857297
datasets/dataset/B7_oval_medium_rep2.csv,legacy_propellers_firmware,body_specific_force,0,y,m/s^2,3436,0,0.03178891445475342,0.1333611924886146
datasets/dataset/B7_oval_medium_rep2.csv,legacy_propellers_firmware,body_specific_force,0,z,m/s^2,3436,0,1.978202243483721,1.9860097561617924
datasets/dataset/B7_oval_medium_rep2.csv,legacy_propellers_firmware,angular_acceleration_diagnostic,0,x,rad/s^2,3436,0,34.135629297053974,40.660536680993225
datasets/dataset/B7_oval_medium_rep2.csv,legacy_propellers_firmware,angular_acceleration_diagnostic,0,y,rad/s^2,3436,0,-50.48925925324338,71.77581669457045
datasets/dataset/B7_oval_medium_rep2.csv,legacy_propellers_firmware,angular_acceleration_diagnostic,0,z,rad/s^2,3436,0,-1.215272613989202,3.1747079349709386
datasets/dataset/B7_oval_medium_rep2.csv,legacy_propellers_firmware,position,0.1,x,m,68,0,-0.0018980676634243604,0.004556747142554681
datasets/dataset/B7_oval_medium_rep2.csv,legacy_propellers_firmware,position,0.1,y,m,68,0,-0.0012867575984266536,0.002208030606231602
datasets/dataset/B7_oval_medium_rep2.csv,legacy_propellers_firmware,position,0.1,z,m,68,0,0.00957854650558106,0.00962956172951821
datasets/dataset/B7_oval_medium_rep2.csv,legacy_propellers_firmware,velocity,0.1,x,m/s,68,0,-0.08604681055365955,0.15491548984515133
datasets/dataset/B7_oval_medium_rep2.csv,legacy_propellers_firmware,velocity,0.1,y,m/s,68,0,-0.05726408383775708,0.0794096864378463
datasets/dataset/B7_oval_medium_rep2.csv,legacy_propellers_firmware,velocity,0.1,z,m/s,68,0,0.17833034194224862,0.18047404010000542
datasets/dataset/B7_oval_medium_rep2.csv,legacy_propellers_firmware,body_rate,0.1,x,rad/s,68,0,3.342901284420096,3.943542629149758
datasets/dataset/B7_oval_medium_rep2.csv,legacy_propellers_firmware,body_rate,0.1,y,rad/s,68,0,-5.046717475698578,7.114422706938144
datasets/dataset/B7_oval_medium_rep2.csv,legacy_propellers_firmware,body_rate,0.1,z,rad/s,68,0,-0.12038125255371493,0.3263253431546838
datasets/dataset/B7_oval_medium_rep2.csv,legacy_propellers_firmware,attitude_angle,0.1,angle,rad,68,0,0.35881279499895935,0.4044861389041902
datasets/dataset/B7_oval_medium_rep2.csv,legacy_propellers_firmware,position,0.25,x,m,68,0,-0.06342490709691397,0.0951103616289722
datasets/dataset/B7_oval_medium_rep2.csv,legacy_propellers_firmware,position,0.25,y,m,68,0,-0.04780838524840669,0.05977667109086305
datasets/dataset/B7_oval_medium_rep2.csv,legacy_propellers_firmware,position,0.25,z,m,68,0,0.0030479308437883555,0.04651394703460051
datasets/dataset/B7_oval_medium_rep2.csv,legacy_propellers_firmware,velocity,0.25,x,m/s,68,0,-0.6892399670233607,1.0067740435006292
datasets/dataset/B7_oval_medium_rep2.csv,legacy_propellers_firmware,velocity,0.25,y,m/s,68,0,-0.6108508681165636,0.7710666172971797
datasets/dataset/B7_oval_medium_rep2.csv,legacy_propellers_firmware,velocity,0.25,z,m/s,68,0,-0.656373232931255,1.021474164253688
datasets/dataset/B7_oval_medium_rep2.csv,legacy_propellers_firmware,body_rate,0.25,x,rad/s,68,0,8.361825584485128,9.970371497916576
datasets/dataset/B7_oval_medium_rep2.csv,legacy_propellers_firmware,body_rate,0.25,y,rad/s,68,0,-12.694461063859842,17.7483146069489
datasets/dataset/B7_oval_medium_rep2.csv,legacy_propellers_firmware,body_rate,0.25,z,rad/s,68,0,-0.3003112906991688,0.7751892597292291
datasets/dataset/B7_oval_medium_rep2.csv,legacy_propellers_firmware,attitude_angle,0.25,angle,rad,68,0,1.8842639907794123,2.033556873084251
datasets/dataset/B7_oval_medium_rep2.csv,legacy_propellers_firmware,position,0.5,x,m,68,0,-0.2118937134227179,0.3530764538995854
datasets/dataset/B7_oval_medium_rep2.csv,legacy_propellers_firmware,position,0.5,y,m,68,0,-0.23447590876775448,0.29818715250476047
datasets/dataset/B7_oval_medium_rep2.csv,legacy_propellers_firmware,position,0.5,z,m,68,0,-0.5082565214806943,0.5728459668048088
datasets/dataset/B7_oval_medium_rep2.csv,legacy_propellers_firmware,velocity,0.5,x,m/s,68,0,-0.5694829980974963,1.2202068804109045
datasets/dataset/B7_oval_medium_rep2.csv,legacy_propellers_firmware,velocity,0.5,y,m/s,68,0,-0.7686603163207814,1.139490134056989
datasets/dataset/B7_oval_medium_rep2.csv,legacy_propellers_firmware,velocity,0.5,z,m/s,68,0,-3.2965157336327753,3.4435868561933005
datasets/dataset/B7_oval_medium_rep2.csv,legacy_propellers_firmware,body_rate,0.5,x,rad/s,68,0,15.070644782926793,18.993230119817376
datasets/dataset/B7_oval_medium_rep2.csv,legacy_propellers_firmware,body_rate,0.5,y,rad/s,68,0,-25.93096714776694,35.885419356522874
datasets/dataset/B7_oval_medium_rep2.csv,legacy_propellers_firmware,body_rate,0.5,z,rad/s,68,0,-0.5999419072757514,1.4953239473665099
datasets/dataset/B7_oval_medium_rep2.csv,legacy_propellers_firmware,attitude_angle,0.5,angle,rad,68,0,1.6621925376397166,1.8817313674318947
datasets/dataset/B7_oval_medium_rep2.csv,persistence,body_specific_force,0,x,m/s^2,3436,0,8.656495474124213e-06,0.005017714691952878
datasets/dataset/B7_oval_medium_rep2.csv,persistence,body_specific_force,0,y,m/s^2,3436,0,1.0775335042332522e-05,0.004314855433605199
datasets/dataset/B7_oval_medium_rep2.csv,persistence,body_specific_force,0,z,m/s^2,3436,0,-1.7448304371891396e-05,0.008951312258377508
datasets/dataset/B7_oval_medium_rep2.csv,persistence,angular_acceleration_diagnostic,0,x,rad/s^2,3436,0,-0.0025980848324872814,1.6242980406005636
datasets/dataset/B7_oval_medium_rep2.csv,persistence,angular_acceleration_diagnostic,0,y,rad/s^2,3436,0,0.008402765559704973,3.225450691791613
datasets/dataset/B7_oval_medium_rep2.csv,persistence,angular_acceleration_diagnostic,0,z,rad/s^2,3436,0,0.004027633206340531,0.3342162324431868
datasets/dataset/B7_oval_medium_rep2.csv,persistence,position,0.1,x,m,68,0,1.7125655189464348e-06,0.003389221484558619
datasets/dataset/B7_oval_medium_rep2.csv,persistence,position,0.1,y,m,68,0,-1.6878664448661205e-05,0.0014423027361247388
datasets/dataset/B7_oval_medium_rep2.csv,persistence,position,0.1,z,m,68,0,0.0001380981168494467,0.001103740111303799
datasets/dataset/B7_oval_medium_rep2.csv,persistence,velocity,0.1,x,m/s,68,0,0.00043531791176470834,0.06642237648272403
datasets/dataset/B7_oval_medium_rep2.csv,persistence,velocity,0.1,y,m/s,68,0,0.000469816529411768,0.028444674883110175
datasets/dataset/B7_oval_medium_rep2.csv,persistence,velocity,0.1,z,m/s,68,0,0.0028320217500000006,0.022491770838728886
datasets/dataset/B7_oval_medium_rep2.csv,persistence,body_rate,0.1,x,rad/s,68,0,-0.011001157323529407,0.13176121683952066
datasets/dataset/B7_oval_medium_rep2.csv,persistence,body_rate,0.1,y,rad/s,68,0,-0.00196061804411765,0.2838595519012327
datasets/dataset/B7_oval_medium_rep2.csv,persistence,body_rate,0.1,z,rad/s,68,0,-0.002281789602941175,0.033737062630780225
datasets/dataset/B7_oval_medium_rep2.csv,persistence,attitude_angle,0.1,angle,rad,68,0,0.017793390083459707,0.028026643025214057
datasets/dataset/B7_oval_medium_rep2.csv,persistence,position,0.25,x,m,68,0,0.00019284044649105296,0.020240108984506625
datasets/dataset/B7_oval_medium_rep2.csv,persistence,position,0.25,y,m,68,0,-1.5797330663014424e-05,0.008490540865962229
datasets/dataset/B7_oval_medium_rep2.csv,persistence,position,0.25,z,m,68,0,0.001035938306979709,0.0067747046439790275
datasets/dataset/B7_oval_medium_rep2.csv,persistence,velocity,0.25,x,m/s,68,0,0.0013548449411764703,0.1588587606919392
datasets/dataset/B7_oval_medium_rep2.csv,persistence,velocity,0.25,y,m/s,68,0,-0.0006357477941176413,0.06601671067609813
datasets/dataset/B7_oval_medium_rep2.csv,persistence,velocity,0.25,z,m/s,68,0,0.009509618779411765,0.05427643698991733
datasets/dataset/B7_oval_medium_rep2.csv,persistence,body_rate,0.25,x,rad/s,68,0,-0.004050517705882362,0.17985187161053454
datasets/dataset/B7_oval_medium_rep2.csv,persistence,body_rate,0.25,y,rad/s,68,0,-0.03521955213235294,0.4143199199920976
datasets/dataset/B7_oval_medium_rep2.csv,persistence,body_rate,0.25,z,rad/s,68,0,0.0005462656029411777,0.06703050579312318
datasets/dataset/B7_oval_medium_rep2.csv,persistence,attitude_angle,0.25,angle,rad,68,0,0.05505544448637144,0.08298152782193693
datasets/dataset/B7_oval_medium_rep2.csv,persistence,position,0.5,x,m,68,0,0.00020805883921352908,0.07680265932585925
datasets/dataset/B7_oval_medium_rep2.csv,persistence,position,0.5,y,m,68,0,-9.84674880861556e-05,0.0318965714584975
datasets/dataset/B7_oval_medium_rep2.csv,persistence,position,0.5,z,m,68,0,0.004499881344362408,0.026046527474009526
datasets/dataset/B7_oval_medium_rep2.csv,persistence,velocity,0.5,x,m/s,68,0,-0.0016635642500000044,0.30500616681723147
datasets/dataset/B7_oval_medium_rep2.csv,persistence,velocity,0.5,y,m/s,68,0,-0.00046096158823529426,0.12466488119805362
datasets/dataset/B7_oval_medium_rep2.csv,persistence,velocity,0.5,z,m/s,68,0,0.018987897176470588,0.10180906358134162
datasets/dataset/B7_oval_medium_rep2.csv,persistence,body_rate,0.5,x,rad/s,68,0,-0.0032151998382352913,0.17598338386069226
datasets/dataset/B7_oval_medium_rep2.csv,persistence,body_rate,0.5,y,rad/s,68,0,0.0018880478676470585,0.3754636919202514
datasets/dataset/B7_oval_medium_rep2.csv,persistence,body_rate,0.5,z,rad/s,68,0,0.0014548509117647043,0.07976544353082372
datasets/dataset/B7_oval_medium_rep2.csv,persistence,attitude_angle,0.5,angle,rad,68,0,0.10766704413067968,0.15756009203234267
datasets/dataset/B7_oval_medium_rep2.csv,frame_check,vicon_body_rate_minus_imu,0,x,rad/s,3436,0,0.0013987393696862393,0.11587412420686556
datasets/dataset/B7_oval_medium_rep2.csv,frame_check,vicon_body_rate_minus_imu,0,y,rad/s,3436,0,-0.0008830345789138047,0.21345910841968024
datasets/dataset/B7_oval_medium_rep2.csv,frame_check,vicon_body_rate_minus_imu,0,z,rad/s,3436,0,-0.002337337046509979,0.050829449810120345
datasets/dataset/B7_oval_medium_rep3.csv,cf21plus_firmware,body_specific_force,0,x,m/s^2,3432,0,-0.05249130972847506,0.27347305387061727
datasets/dataset/B7_oval_medium_rep3.csv,cf21plus_firmware,body_specific_force,0,y,m/s^2,3432,0,0.03617530087851638,0.1341450691362975
datasets/dataset/B7_oval_medium_rep3.csv,cf21plus_firmware,body_specific_force,0,z,m/s^2,3432,0,1.0842159545996504,1.0940042474416047
datasets/dataset/B7_oval_medium_rep3.csv,cf21plus_firmware,angular_acceleration_diagnostic,0,x,rad/s^2,3432,0,31.08920870815108,36.9185493593483
datasets/dataset/B7_oval_medium_rep3.csv,cf21plus_firmware,angular_acceleration_diagnostic,0,y,rad/s^2,3432,0,-45.58290312856934,63.210615290493514
datasets/dataset/B7_oval_medium_rep3.csv,cf21plus_firmware,angular_acceleration_diagnostic,0,z,rad/s^2,3432,0,-0.9171461661166503,2.689796524095804
datasets/dataset/B7_oval_medium_rep3.csv,cf21plus_firmware,position,0.1,x,m,68,0,-0.0014477988189562391,0.003627735265769807
datasets/dataset/B7_oval_medium_rep3.csv,cf21plus_firmware,position,0.1,y,m,68,0,-0.0010348537103013094,0.0020914195325820104
datasets/dataset/B7_oval_medium_rep3.csv,cf21plus_firmware,position,0.1,z,m,68,0,0.005221274880539831,0.0053120144557655576
datasets/dataset/B7_oval_medium_rep3.csv,cf21plus_firmware,velocity,0.1,x,m/s,68,0,-0.07281068026061126,0.1268310332361534
datasets/dataset/B7_oval_medium_rep3.csv,cf21plus_firmware,velocity,0.1,y,m/s,68,0,-0.04593622238270739,0.06839699856009185
datasets/dataset/B7_oval_medium_rep3.csv,cf21plus_firmware,velocity,0.1,z,m/s,68,0,0.09570671610066027,0.09851692592991841
datasets/dataset/B7_oval_medium_rep3.csv,cf21plus_firmware,body_rate,0.1,x,rad/s,68,0,3.000075433139481,3.601851182522709
datasets/dataset/B7_oval_medium_rep3.csv,cf21plus_firmware,body_rate,0.1,y,rad/s,68,0,-4.634312928248306,6.350778536023575
datasets/dataset/B7_oval_medium_rep3.csv,cf21plus_firmware,body_rate,0.1,z,rad/s,68,0,-0.08607497244310258,0.2559619389604696
datasets/dataset/B7_oval_medium_rep3.csv,cf21plus_firmware,attitude_angle,0.1,angle,rad,68,0,0.3222369331861945,0.36460238256462346
datasets/dataset/B7_oval_medium_rep3.csv,cf21plus_firmware,position,0.25,x,m,68,0,-0.057780894649821606,0.0837746623106804
datasets/dataset/B7_oval_medium_rep3.csv,cf21plus_firmware,position,0.25,y,m,68,0,-0.04095379083351399,0.052313592901795394
datasets/dataset/B7_oval_medium_rep3.csv,cf21plus_firmware,position,0.25,z,m,68,0,-0.012039218486905132,0.03898612026684916
datasets/dataset/B7_oval_medium_rep3.csv,cf21plus_firmware,velocity,0.25,x,m/s,68,0,-0.6889393828574949,0.9560457539557022
datasets/dataset/B7_oval_medium_rep3.csv,cf21plus_firmware,velocity,0.25,y,m/s,68,0,-0.5461961497607115,0.6879721035355507
datasets/dataset/B7_oval_medium_rep3.csv,cf21plus_firmware,velocity,0.25,z,m/s,68,0,-0.664591008814333,0.943133497587305
datasets/dataset/B7_oval_medium_rep3.csv,cf21plus_firmware,body_rate,0.25,x,rad/s,68,0,7.60344104510906,9.087976201507349
datasets/dataset/B7_oval_medium_rep3.csv,cf21plus_firmware,body_rate,0.25,y,rad/s,68,0,-11.507156528053466,15.794754981274252
datasets/dataset/B7_oval_medium_rep3.csv,cf21plus_firmware,body_rate,0.25,z,rad/s,68,0,-0.22365814274416157,0.6323996417432408
datasets/dataset/B7_oval_medium_rep3.csv,cf21plus_firmware,attitude_angle,0.25,angle,rad,68,0,1.8377738792018463,2.0158276001872455
datasets/dataset/B7_oval_medium_rep3.csv,cf21plus_firmware,position,0.5,x,m,68,0,-0.21111272365636458,0.33308958146186735
datasets/dataset/B7_oval_medium_rep3.csv,cf21plus_firmware,position,0.5,y,m,68,0,-0.2169726456306378,0.2769347824583029
datasets/dataset/B7_oval_medium_rep3.csv,cf21plus_firmware,position,0.5,z,m,68,0,-0.5294130357513923,0.5834656684133163
datasets/dataset/B7_oval_medium_rep3.csv,cf21plus_firmware,velocity,0.5,x,m/s,68,0,-0.5556945034058232,1.1600039628172856
datasets/dataset/B7_oval_medium_rep3.csv,cf21plus_firmware,velocity,0.5,y,m/s,68,0,-0.7451826168884053,1.0930161313539082
datasets/dataset/B7_oval_medium_rep3.csv,cf21plus_firmware,velocity,0.5,z,m/s,68,0,-3.3443395753811083,3.476234045229044
datasets/dataset/B7_oval_medium_rep3.csv,cf21plus_firmware,body_rate,0.5,x,rad/s,68,0,14.015106089797982,17.223373926007017
datasets/dataset/B7_oval_medium_rep3.csv,cf21plus_firmware,body_rate,0.5,y,rad/s,68,0,-23.168097466412597,31.50481793970231
datasets/dataset/B7_oval_medium_rep3.csv,cf21plus_firmware,body_rate,0.5,z,rad/s,68,0,-0.4782285610453251,1.2724385030244405
datasets/dataset/B7_oval_medium_rep3.csv,cf21plus_firmware,attitude_angle,0.5,angle,rad,68,0,1.6106330988691306,1.8264829632269555
datasets/dataset/B7_oval_medium_rep3.csv,thrust_upgrade_firmware,body_specific_force,0,x,m/s^2,3432,0,-0.05249130972847506,0.27347305387061727
datasets/dataset/B7_oval_medium_rep3.csv,thrust_upgrade_firmware,body_specific_force,0,y,m/s^2,3432,0,0.03617530087851638,0.1341450691362975
datasets/dataset/B7_oval_medium_rep3.csv,thrust_upgrade_firmware,body_specific_force,0,z,m/s^2,3432,0,10.101254445303873,10.106848806062754
datasets/dataset/B7_oval_medium_rep3.csv,thrust_upgrade_firmware,angular_acceleration_diagnostic,0,x,rad/s^2,3432,0,53.23706759134814,62.99658320488907
datasets/dataset/B7_oval_medium_rep3.csv,thrust_upgrade_firmware,angular_acceleration_diagnostic,0,y,rad/s^2,3432,0,-77.79725387443796,107.89702632013056
datasets/dataset/B7_oval_medium_rep3.csv,thrust_upgrade_firmware,angular_acceleration_diagnostic,0,z,rad/s^2,3432,0,-1.2544193878409544,3.440201764562266
datasets/dataset/B7_oval_medium_rep3.csv,thrust_upgrade_firmware,position,0.1,x,m,68,0,-0.0053452018238918,0.010336879426451812
datasets/dataset/B7_oval_medium_rep3.csv,thrust_upgrade_firmware,position,0.1,y,m,68,0,-0.003510117081829822,0.005643554134761443
datasets/dataset/B7_oval_medium_rep3.csv,thrust_upgrade_firmware,position,0.1,z,m,68,0,0.04908582225658122,0.04913723232295435
datasets/dataset/B7_oval_medium_rep3.csv,thrust_upgrade_firmware,velocity,0.1,x,m/s,68,0,-0.23461766258477978,0.3657286666644923
datasets/dataset/B7_oval_medium_rep3.csv,thrust_upgrade_firmware,velocity,0.1,y,m/s,68,0,-0.14795739791775567,0.20029513444164812
datasets/dataset/B7_oval_medium_rep3.csv,thrust_upgrade_firmware,velocity,0.1,z,m/s,68,0,0.9319166287244665,0.9355363260541426
datasets/dataset/B7_oval_medium_rep3.csv,thrust_upgrade_firmware,body_rate,0.1,x,rad/s,68,0,5.104040833118496,6.110593916236445
datasets/dataset/B7_oval_medium_rep3.csv,thrust_upgrade_firmware,body_rate,0.1,y,rad/s,68,0,-7.944294221261129,10.86678449652763
datasets/dataset/B7_oval_medium_rep3.csv,thrust_upgrade_firmware,body_rate,0.1,z,rad/s,68,0,-0.11861769142411088,0.3261598561797428
datasets/dataset/B7_oval_medium_rep3.csv,thrust_upgrade_firmware,attitude_angle,0.1,angle,rad,68,0,0.5527276224953533,0.6260422769509555
datasets/dataset/B7_oval_medium_rep3.csv,thrust_upgrade_firmware,position,0.25,x,m,68,0,-0.11890911729385822,0.16783074673698842
datasets/dataset/B7_oval_medium_rep3.csv,thrust_upgrade_firmware,position,0.25,y,m,68,0,-0.09636510239097004,0.12030846157167509
datasets/dataset/B7_oval_medium_rep3.csv,thrust_upgrade_firmware,position,0.25,z,m,68,0,0.14690568449254462,0.18141085076871508
datasets/dataset/B7_oval_medium_rep3.csv,thrust_upgrade_firmware,velocity,0.25,x,m/s,68,0,-0.8986293640296266,1.4283421443996807
datasets/dataset/B7_oval_medium_rep3.csv,thrust_upgrade_firmware,velocity,0.25,y,m/s,68,0,-0.9996354441713224,1.3056548827641443
datasets/dataset/B7_oval_medium_rep3.csv,thrust_upgrade_firmware,velocity,0.25,z,m/s,68,0,-0.18002681376882668,1.3228543419565955
datasets/dataset/B7_oval_medium_rep3.csv,thrust_upgrade_firmware,body_rate,0.25,x,rad/s,68,0,12.898664461240378,15.39735001202642
datasets/dataset/B7_oval_medium_rep3.csv,thrust_upgrade_firmware,body_rate,0.25,y,rad/s,68,0,-19.697833352821476,27.024218660603783
datasets/dataset/B7_oval_medium_rep3.csv,thrust_upgrade_firmware,body_rate,0.25,z,rad/s,68,0,-0.3075622506361514,0.8108321037555584
datasets/dataset/B7_oval_medium_rep3.csv,thrust_upgrade_firmware,attitude_angle,0.25,angle,rad,68,0,1.6840238066813862,1.9121377276741547
datasets/dataset/B7_oval_medium_rep3.csv,thrust_upgrade_firmware,position,0.5,x,m,68,0,-0.32132542433494266,0.5362829798598654
datasets/dataset/B7_oval_medium_rep3.csv,thrust_upgrade_firmware,position,0.5,y,m,68,0,-0.3615532659044159,0.45802553237869614
datasets/dataset/B7_oval_medium_rep3.csv,thrust_upgrade_firmware,position,0.5,z,m,68,0,-0.23501851601022244,0.45746086960982524
datasets/dataset/B7_oval_medium_rep3.csv,thrust_upgrade_firmware,velocity,0.5,x,m/s,68,0,-0.8363565170078423,1.6808081236182089
datasets/dataset/B7_oval_medium_rep3.csv,thrust_upgrade_firmware,velocity,0.5,y,m/s,68,0,-1.0853653203256097,1.5739978532888086
datasets/dataset/B7_oval_medium_rep3.csv,thrust_upgrade_firmware,velocity,0.5,z,m/s,68,0,-2.8426220222414744,3.092363218933317
datasets/dataset/B7_oval_medium_rep3.csv,thrust_upgrade_firmware,body_rate,0.5,x,rad/s,68,0,22.983916208792827,28.751648014244246
datasets/dataset/B7_oval_medium_rep3.csv,thrust_upgrade_firmware,body_rate,0.5,y,rad/s,68,0,-39.81311795858122,54.06541832891173
datasets/dataset/B7_oval_medium_rep3.csv,thrust_upgrade_firmware,body_rate,0.5,z,rad/s,68,0,-0.6515416542678775,1.633379021720824
datasets/dataset/B7_oval_medium_rep3.csv,thrust_upgrade_firmware,attitude_angle,0.5,angle,rad,68,0,1.5711264145168902,1.844478547372812
datasets/dataset/B7_oval_medium_rep3.csv,legacy_propellers_firmware,body_specific_force,0,x,m/s^2,3432,0,-0.05249130972847506,0.27347305387061727
datasets/dataset/B7_oval_medium_rep3.csv,legacy_propellers_firmware,body_specific_force,0,y,m/s^2,3432,0,0.03617530087851638,0.1341450691362975
datasets/dataset/B7_oval_medium_rep3.csv,legacy_propellers_firmware,body_specific_force,0,z,m/s^2,3432,0,1.9282525275075408,1.935932639195058
datasets/dataset/B7_oval_medium_rep3.csv,legacy_propellers_firmware,angular_acceleration_diagnostic,0,x,rad/s^2,3432,0,34.66889428186442,41.13852802649825
datasets/dataset/B7_oval_medium_rep3.csv,legacy_propellers_firmware,angular_acceleration_diagnostic,0,y,rad/s^2,3432,0,-50.7988657148344,70.44256239678757
datasets/dataset/B7_oval_medium_rep3.csv,legacy_propellers_firmware,angular_acceleration_diagnostic,0,z,rad/s^2,3432,0,-1.0924511113688793,3.165031215799853
datasets/dataset/B7_oval_medium_rep3.csv,legacy_propellers_firmware,position,0.1,x,m,68,0,-0.001822927591712301,0.00423400863361587
datasets/dataset/B7_oval_medium_rep3.csv,legacy_propellers_firmware,position,0.1,y,m,68,0,-0.001271676140495002,0.002416604112042292
datasets/dataset/B7_oval_medium_rep3.csv,legacy_propellers_firmware,position,0.1,z,m,68,0,0.009342383503926579,0.00940844463436968
datasets/dataset/B7_oval_medium_rep3.csv,legacy_propellers_firmware,velocity,0.1,x,m/s,68,0,-0.08856796479129023,0.14967460989110232
datasets/dataset/B7_oval_medium_rep3.csv,legacy_propellers_firmware,velocity,0.1,y,m/s,68,0,-0.055758897327444594,0.08096841401675893
datasets/dataset/B7_oval_medium_rep3.csv,legacy_propellers_firmware,velocity,0.1,z,m/s,68,0,0.17484246326543118,0.17710211785665428
datasets/dataset/B7_oval_medium_rep3.csv,legacy_propellers_firmware,body_rate,0.1,x,rad/s,68,0,3.338902709246785,4.007512761464029
datasets/dataset/B7_oval_medium_rep3.csv,legacy_propellers_firmware,body_rate,0.1,y,rad/s,68,0,-5.170754564336332,7.082271475599431
datasets/dataset/B7_oval_medium_rep3.csv,legacy_propellers_firmware,body_rate,0.1,z,rad/s,68,0,-0.1028155342224036,0.3005095674078621
datasets/dataset/B7_oval_medium_rep3.csv,legacy_propellers_firmware,attitude_angle,0.1,angle,rad,68,0,0.35961430553993684,0.40692573236011886
datasets/dataset/B7_oval_medium_rep3.csv,legacy_propellers_firmware,position,0.25,x,m,68,0,-0.0653854786937485,0.09373399949234242
datasets/dataset/B7_oval_medium_rep3.csv,legacy_propellers_firmware,position,0.25,y,m,68,0,-0.04707598824821854,0.05986954057952056
datasets/dataset/B7_oval_medium_rep3.csv,legacy_propellers_firmware,position,0.25,z,m,68,0,0.0018780790770601139,0.045370628524628094
datasets/dataset/B7_oval_medium_rep3.csv,legacy_propellers_firmware,velocity,0.25,x,m/s,68,0,-0.7230319509999422,1.008448975299808
datasets/dataset/B7_oval_medium_rep3.csv,legacy_propellers_firmware,velocity,0.25,y,m/s,68,0,-0.6007325572734367,0.7634139530478243
datasets/dataset/B7_oval_medium_rep3.csv,legacy_propellers_firmware,velocity,0.25,z,m/s,68,0,-0.6626760776750362,1.0164191271646301
datasets/dataset/B7_oval_medium_rep3.csv,legacy_propellers_firmware,body_rate,0.25,x,rad/s,68,0,8.439772149652265,10.099992026551096
datasets/dataset/B7_oval_medium_rep3.csv,legacy_propellers_firmware,body_rate,0.25,y,rad/s,68,0,-12.838905990270149,17.616596444799125
datasets/dataset/B7_oval_medium_rep3.csv,legacy_propellers_firmware,body_rate,0.25,z,rad/s,68,0,-0.2670603253413813,0.7442912912160741
datasets/dataset/B7_oval_medium_rep3.csv,legacy_propellers_firmware,attitude_angle,0.25,angle,rad,68,0,1.9029459843982877,2.067424901549041
datasets/dataset/B7_oval_medium_rep3.csv,legacy_propellers_firmware,position,0.5,x,m,68,0,-0.21987016931508996,0.35135269501676303
datasets/dataset/B7_oval_medium_rep3.csv,legacy_propellers_firmware,position,0.5,y,m,68,0,-0.22878709074748288,0.2933080899145373
datasets/dataset/B7_oval_medium_rep3.csv,legacy_propellers_firmware,position,0.5,z,m,68,0,-0.5108558114642411,0.5728090149139098
datasets/dataset/B7_oval_medium_rep3.csv,legacy_propellers_firmware,velocity,0.5,x,m/s,68,0,-0.5775636516977715,1.1948027478968049
datasets/dataset/B7_oval_medium_rep3.csv,legacy_propellers_firmware,velocity,0.5,y,m/s,68,0,-0.7710511441520622,1.1482922992045874
datasets/dataset/B7_oval_medium_rep3.csv,legacy_propellers_firmware,velocity,0.5,z,m/s,68,0,-3.3257383242826166,3.4636471985228674
datasets/dataset/B7_oval_medium_rep3.csv,legacy_propellers_firmware,body_rate,0.5,x,rad/s,68,0,15.292792087452582,19.041975960021134
datasets/dataset/B7_oval_medium_rep3.csv,legacy_propellers_firmware,body_rate,0.5,y,rad/s,68,0,-25.882407761878582,35.167444295976274
datasets/dataset/B7_oval_medium_rep3.csv,legacy_propellers_firmware,body_rate,0.5,z,rad/s,68,0,-0.5693429712549255,1.4981855948185305
datasets/dataset/B7_oval_medium_rep3.csv,legacy_propellers_firmware,attitude_angle,0.5,angle,rad,68,0,1.6432034383800367,1.871929595248244
datasets/dataset/B7_oval_medium_rep3.csv,persistence,body_specific_force,0,x,m/s^2,3432,0,1.8627415978226304e-05,0.004995312236787902
datasets/dataset/B7_oval_medium_rep3.csv,persistence,body_specific_force,0,y,m/s^2,3432,0,1.1192392499999989e-05,0.004478842278584441
datasets/dataset/B7_oval_medium_rep3.csv,persistence,body_specific_force,0,z,m/s^2,3432,0,-2.9372568416242256e-05,0.009533134068449745
datasets/dataset/B7_oval_medium_rep3.csv,persistence,angular_acceleration_diagnostic,0,x,rad/s^2,3432,0,0.0019623915862468657,1.7516161064206577
datasets/dataset/B7_oval_medium_rep3.csv,persistence,angular_acceleration_diagnostic,0,y,rad/s^2,3432,0,-0.00023089019507675809,3.298088371999076
datasets/dataset/B7_oval_medium_rep3.csv,persistence,angular_acceleration_diagnostic,0,z,rad/s^2,3432,0,0.0008685189523033163,0.34157583495124444
datasets/dataset/B7_oval_medium_rep3.csv,persistence,position,0.1,x,m,68,0,-1.1554366836525684e-05,0.0034418986842451997
datasets/dataset/B7_oval_medium_rep3.csv,persistence,position,0.1,y,m,68,0,-4.392119538439085e-05,0.0014062526867563725
datasets/dataset/B7_oval_medium_rep3.csv,persistence,position,0.1,z,m,68,0,0.00012517864041875672,0.0012318162768795962
datasets/dataset/B7_oval_medium_rep3.csv,persistence,velocity,0.1,x,m/s,68,0,-0.0016793982647058789,0.06927531645279247
datasets/dataset/B7_oval_medium_rep3.csv,persistence,velocity,0.1,y,m/s,68,0,0.00019090152941176648,0.027927448631320843
datasets/dataset/B7_oval_medium_rep3.csv,persistence,velocity,0.1,z,m/s,68,0,0.003745570102941177,0.023898817373550776
datasets/dataset/B7_oval_medium_rep3.csv,persistence,body_rate,0.1,x,rad/s,68,0,0.0374437185882353,0.2322547157353162
datasets/dataset/B7_oval_medium_rep3.csv,persistence,body_rate,0.1,y,rad/s,68,0,0.05298320826470587,0.31138912707083055
datasets/dataset/B7_oval_medium_rep3.csv,persistence,body_rate,0.1,z,rad/s,68,0,0.0010780810147058828,0.03375832289756087
datasets/dataset/B7_oval_medium_rep3.csv,persistence,attitude_angle,0.1,angle,rad,68,0,0.025971927122971344,0.04232068060007969
datasets/dataset/B7_oval_medium_rep3.csv,persistence,position,0.25,x,m,68,0,-3.2608799303876095e-05,0.020265289965148283
datasets/dataset/B7_oval_medium_rep3.csv,persistence,position,0.25,y,m,68,0,-0.00010866022624390643,0.008051667332870004
datasets/dataset/B7_oval_medium_rep3.csv,persistence,position,0.25,z,m,68,0,0.0009367556796183183,0.007243746467055432
datasets/dataset/B7_oval_medium_rep3.csv,persistence,velocity,0.25,x,m/s,68,0,-0.0009213880588235287,0.15989821848270117
datasets/dataset/B7_oval_medium_rep3.csv,persistence,velocity,0.25,y,m/s,68,0,0.00018537888235294308,0.0622637966167613
datasets/dataset/B7_oval_medium_rep3.csv,persistence,velocity,0.25,z,m/s,68,0,0.008467408044117648,0.05717196871813853
datasets/dataset/B7_oval_medium_rep3.csv,persistence,body_rate,0.25,x,rad/s,68,0,0.002176604985294117,0.25568346439367157
datasets/dataset/B7_oval_medium_rep3.csv,persistence,body_rate,0.25,y,rad/s,68,0,0.00229912436764705,0.44712283740995495
datasets/dataset/B7_oval_medium_rep3.csv,persistence,body_rate,0.25,z,rad/s,68,0,0.0030769337647058833,0.05484305611538488
datasets/dataset/B7_oval_medium_rep3.csv,persistence,attitude_angle,0.25,angle,rad,68,0,0.06812662619614616,0.11129203974248582
datasets/dataset/B7_oval_medium_rep3.csv,persistence,position,0.5,x,m,68,0,-0.0001836742187763974,0.07711763049472575
datasets/dataset/B7_oval_medium_rep3.csv,persistence,position,0.5,y,m,68,0,-0.0001993751804749242,0.029811027709939514
datasets/dataset/B7_oval_medium_rep3.csv,persistence,position,0.5,z,m,68,0,0.004295978358710009,0.026624458086943747
datasets/dataset/B7_oval_medium_rep3.csv,persistence,velocity,0.5,x,m/s,68,0,-0.001278757102941178,0.30530437676972566
datasets/dataset/B7_oval_medium_rep3.csv,persistence,velocity,0.5,y,m/s,68,0,-0.00023087942647059012,0.12069662914267412
datasets/dataset/B7_oval_medium_rep3.csv,persistence,velocity,0.5,z,m/s,68,0,0.018878757044117647,0.10080431378988533
datasets/dataset/B7_oval_medium_rep3.csv,persistence,body_rate,0.5,x,rad/s,68,0,0.0003729560147058822,0.23882363780872276
datasets/dataset/B7_oval_medium_rep3.csv,persistence,body_rate,0.5,y,rad/s,68,0,-0.0005209045588235329,0.4474906767858161
datasets/dataset/B7_oval_medium_rep3.csv,persistence,body_rate,0.5,z,rad/s,68,0,0.001891973294117647,0.06805204593100923
datasets/dataset/B7_oval_medium_rep3.csv,persistence,attitude_angle,0.5,angle,rad,68,0,0.12858109401196852,0.19628264132911757
datasets/dataset/B7_oval_medium_rep3.csv,frame_check,vicon_body_rate_minus_imu,0,x,rad/s,3432,0,0.0004505942465633918,0.1508372521467439
datasets/dataset/B7_oval_medium_rep3.csv,frame_check,vicon_body_rate_minus_imu,0,y,rad/s,3432,0,-0.00458511392703709,0.2281725274938745
datasets/dataset/B7_oval_medium_rep3.csv,frame_check,vicon_body_rate_minus_imu,0,z,rad/s,3432,0,-0.0028003979539670907,0.06311976595981726
datasets/dataset/B7_oval_slow_rep1.csv,cf21plus_firmware,body_specific_force,0,x,m/s^2,0,0,,
datasets/dataset/B7_oval_slow_rep1.csv,cf21plus_firmware,body_specific_force,0,y,m/s^2,0,0,,
datasets/dataset/B7_oval_slow_rep1.csv,cf21plus_firmware,body_specific_force,0,z,m/s^2,0,0,,
datasets/dataset/B7_oval_slow_rep1.csv,cf21plus_firmware,angular_acceleration_diagnostic,0,x,rad/s^2,0,0,,
datasets/dataset/B7_oval_slow_rep1.csv,cf21plus_firmware,angular_acceleration_diagnostic,0,y,rad/s^2,0,0,,
datasets/dataset/B7_oval_slow_rep1.csv,cf21plus_firmware,angular_acceleration_diagnostic,0,z,rad/s^2,0,0,,
datasets/dataset/B7_oval_slow_rep1.csv,thrust_upgrade_firmware,body_specific_force,0,x,m/s^2,0,0,,
datasets/dataset/B7_oval_slow_rep1.csv,thrust_upgrade_firmware,body_specific_force,0,y,m/s^2,0,0,,
datasets/dataset/B7_oval_slow_rep1.csv,thrust_upgrade_firmware,body_specific_force,0,z,m/s^2,0,0,,
datasets/dataset/B7_oval_slow_rep1.csv,thrust_upgrade_firmware,angular_acceleration_diagnostic,0,x,rad/s^2,0,0,,
datasets/dataset/B7_oval_slow_rep1.csv,thrust_upgrade_firmware,angular_acceleration_diagnostic,0,y,rad/s^2,0,0,,
datasets/dataset/B7_oval_slow_rep1.csv,thrust_upgrade_firmware,angular_acceleration_diagnostic,0,z,rad/s^2,0,0,,
datasets/dataset/B7_oval_slow_rep1.csv,legacy_propellers_firmware,body_specific_force,0,x,m/s^2,0,0,,
datasets/dataset/B7_oval_slow_rep1.csv,legacy_propellers_firmware,body_specific_force,0,y,m/s^2,0,0,,
datasets/dataset/B7_oval_slow_rep1.csv,legacy_propellers_firmware,body_specific_force,0,z,m/s^2,0,0,,
datasets/dataset/B7_oval_slow_rep1.csv,legacy_propellers_firmware,angular_acceleration_diagnostic,0,x,rad/s^2,0,0,,
datasets/dataset/B7_oval_slow_rep1.csv,legacy_propellers_firmware,angular_acceleration_diagnostic,0,y,rad/s^2,0,0,,
datasets/dataset/B7_oval_slow_rep1.csv,legacy_propellers_firmware,angular_acceleration_diagnostic,0,z,rad/s^2,0,0,,
datasets/dataset/B7_oval_slow_rep1.csv,persistence,body_specific_force,0,x,m/s^2,0,0,,
datasets/dataset/B7_oval_slow_rep1.csv,persistence,body_specific_force,0,y,m/s^2,0,0,,
datasets/dataset/B7_oval_slow_rep1.csv,persistence,body_specific_force,0,z,m/s^2,0,0,,
datasets/dataset/B7_oval_slow_rep1.csv,persistence,angular_acceleration_diagnostic,0,x,rad/s^2,0,0,,
datasets/dataset/B7_oval_slow_rep1.csv,persistence,angular_acceleration_diagnostic,0,y,rad/s^2,0,0,,
datasets/dataset/B7_oval_slow_rep1.csv,persistence,angular_acceleration_diagnostic,0,z,rad/s^2,0,0,,
datasets/dataset/B7_oval_slow_rep1.csv,frame_check,vicon_body_rate_minus_imu,0,x,rad/s,0,0,,
datasets/dataset/B7_oval_slow_rep1.csv,frame_check,vicon_body_rate_minus_imu,0,y,rad/s,0,0,,
datasets/dataset/B7_oval_slow_rep1.csv,frame_check,vicon_body_rate_minus_imu,0,z,rad/s,0,0,,
datasets/dataset/B7_oval_slow_rep2.csv,cf21plus_firmware,body_specific_force,0,x,m/s^2,3437,0,-0.03692447619163383,0.18617462603732224
datasets/dataset/B7_oval_slow_rep2.csv,cf21plus_firmware,body_specific_force,0,y,m/s^2,3437,0,0.007009838428065436,0.07155526854158262
datasets/dataset/B7_oval_slow_rep2.csv,cf21plus_firmware,body_specific_force,0,z,m/s^2,3437,0,0.9635806880127832,0.973969723704907
datasets/dataset/B7_oval_slow_rep2.csv,cf21plus_firmware,angular_acceleration_diagnostic,0,x,rad/s^2,3437,0,37.997062897423454,39.35378003822771
datasets/dataset/B7_oval_slow_rep2.csv,cf21plus_firmware,angular_acceleration_diagnostic,0,y,rad/s^2,3437,0,-67.77009047456608,74.26293403112119
datasets/dataset/B7_oval_slow_rep2.csv,cf21plus_firmware,angular_acceleration_diagnostic,0,z,rad/s^2,3437,0,1.744334319040783,3.444456546763207
datasets/dataset/B7_oval_slow_rep2.csv,cf21plus_firmware,position,0.1,x,m,68,0,-0.002168828282689292,0.0029333710534143855
datasets/dataset/B7_oval_slow_rep2.csv,cf21plus_firmware,position,0.1,y,m,68,0,-0.001352678998421122,0.001608247230017607
datasets/dataset/B7_oval_slow_rep2.csv,cf21plus_firmware,position,0.1,z,m,68,0,0.004511405201081753,0.004583878019421025
datasets/dataset/B7_oval_slow_rep2.csv,cf21plus_firmware,velocity,0.1,x,m/s,68,0,-0.10294318356888864,0.12191699460705653
datasets/dataset/B7_oval_slow_rep2.csv,cf21plus_firmware,velocity,0.1,y,m/s,68,0,-0.06004555054186293,0.06499210714529248
datasets/dataset/B7_oval_slow_rep2.csv,cf21plus_firmware,velocity,0.1,z,m/s,68,0,0.07928240768865102,0.08157226009339623
datasets/dataset/B7_oval_slow_rep2.csv,cf21plus_firmware,body_rate,0.1,x,rad/s,68,0,3.7499758121432722,3.8965609128778893
datasets/dataset/B7_oval_slow_rep2.csv,cf21plus_firmware,body_rate,0.1,y,rad/s,68,0,-6.624189181510999,7.329305839663033
datasets/dataset/B7_oval_slow_rep2.csv,cf21plus_firmware,body_rate,0.1,z,rad/s,68,0,0.16014877631958405,0.32274593029154386
datasets/dataset/B7_oval_slow_rep2.csv,cf21plus_firmware,attitude_angle,0.1,angle,rad,68,0,0.3910374962720846,0.41297353070972737
datasets/dataset/B7_oval_slow_rep2.csv,cf21plus_firmware,position,0.25,x,m,68,0,-0.08304626674196128,0.08971553600202484
datasets/dataset/B7_oval_slow_rep2.csv,cf21plus_firmware,position,0.25,y,m,68,0,-0.051260754933672895,0.05363008345676257
datasets/dataset/B7_oval_slow_rep2.csv,cf21plus_firmware,position,0.25,z,m,68,0,-0.02787665498240019,0.04185716674840216
datasets/dataset/B7_oval_slow_rep2.csv,cf21plus_firmware,velocity,0.25,x,m/s,68,0,-0.9989349542088687,1.034710336456524
datasets/dataset/B7_oval_slow_rep2.csv,cf21plus_firmware,velocity,0.25,y,m/s,68,0,-0.6620119282551522,0.7018789393734187
datasets/dataset/B7_oval_slow_rep2.csv,cf21plus_firmware,velocity,0.25,z,m/s,68,0,-0.9445528317674093,1.0973247247437692
datasets/dataset/B7_oval_slow_rep2.csv,cf21plus_firmware,body_rate,0.25,x,rad/s,68,0,9.711638977630177,10.057882864044496
datasets/dataset/B7_oval_slow_rep2.csv,cf21plus_firmware,body_rate,0.25,y,rad/s,68,0,-16.73825792472495,18.336005081562448
datasets/dataset/B7_oval_slow_rep2.csv,cf21plus_firmware,body_rate,0.25,z,rad/s,68,0,0.4156677329903088,0.7948387918910892
datasets/dataset/B7_oval_slow_rep2.csv,cf21plus_firmware,attitude_angle,0.25,angle,rad,68,0,2.2766490605764425,2.3606889047961865
datasets/dataset/B7_oval_slow_rep2.csv,cf21plus_firmware,position,0.5,x,m,68,0,-0.3027738690579516,0.3075974467997988
datasets/dataset/B7_oval_slow_rep2.csv,cf21plus_firmware,position,0.5,y,m,68,0,-0.23544434132521505,0.26441791584596835
datasets/dataset/B7_oval_slow_rep2.csv,cf21plus_firmware,position,0.5,z,m,68,0,-0.6524066601629745,0.6617177137672111
datasets/dataset/B7_oval_slow_rep2.csv,cf21plus_firmware,velocity,0.5,x,m/s,68,0,-0.7358959471337932,0.7901409965993738
datasets/dataset/B7_oval_slow_rep2.csv,cf21plus_firmware,velocity,0.5,y,m/s,68,0,-0.672045441511234,0.7891214561412928
datasets/dataset/B7_oval_slow_rep2.csv,cf21plus_firmware,velocity,0.5,z,m/s,68,0,-3.7369391835236696,3.748146595053602
datasets/dataset/B7_oval_slow_rep2.csv,cf21plus_firmware,body_rate,0.5,x,rad/s,68,0,21.089635073460798,22.156076035507994
datasets/dataset/B7_oval_slow_rep2.csv,cf21plus_firmware,body_rate,0.5,y,rad/s,68,0,-31.928682463884115,35.30087041930084
datasets/dataset/B7_oval_slow_rep2.csv,cf21plus_firmware,body_rate,0.5,z,rad/s,68,0,0.8593508227258996,1.5996211510650142
datasets/dataset/B7_oval_slow_rep2.csv,cf21plus_firmware,attitude_angle,0.5,angle,rad,68,0,1.364173139597623,1.593187815154485
datasets/dataset/B7_oval_slow_rep2.csv,thrust_upgrade_firmware,body_specific_force,0,x,m/s^2,3437,0,-0.03692447619163383,0.18617462603732224
datasets/dataset/B7_oval_slow_rep2.csv,thrust_upgrade_firmware,body_specific_force,0,y,m/s^2,3437,0,0.007009838428065436,0.07155526854158262
datasets/dataset/B7_oval_slow_rep2.csv,thrust_upgrade_firmware,body_specific_force,0,z,m/s^2,3437,0,9.854751194265331,9.859835964044642
datasets/dataset/B7_oval_slow_rep2.csv,thrust_upgrade_firmware,angular_acceleration_diagnostic,0,x,rad/s^2,3437,0,64.7058427808463,66.97975616666074
datasets/dataset/B7_oval_slow_rep2.csv,thrust_upgrade_firmware,angular_acceleration_diagnostic,0,y,rad/s^2,3437,0,-115.87560616796608,127.0208314552477
datasets/dataset/B7_oval_slow_rep2.csv,thrust_upgrade_firmware,angular_acceleration_diagnostic,0,z,rad/s^2,3437,0,2.03397325983911,4.281143604615863
datasets/dataset/B7_oval_slow_rep2.csv,thrust_upgrade_firmware,position,0.1,x,m,68,0,-0.0077163100089144825,0.009461639245116543
datasets/dataset/B7_oval_slow_rep2.csv,thrust_upgrade_firmware,position,0.1,y,m,68,0,-0.004579013114938531,0.00505651475767761
datasets/dataset/B7_oval_slow_rep2.csv,thrust_upgrade_firmware,position,0.1,z,m,68,0,0.04767771736212301,0.04771105531114113
datasets/dataset/B7_oval_slow_rep2.csv,thrust_upgrade_firmware,velocity,0.1,x,m/s,68,0,-0.3301104274985898,0.3754935413592803
datasets/dataset/B7_oval_slow_rep2.csv,thrust_upgrade_firmware,velocity,0.1,y,m/s,68,0,-0.1912948024096699,0.20229356447457458
datasets/dataset/B7_oval_slow_rep2.csv,thrust_upgrade_firmware,velocity,0.1,z,m/s,68,0,0.8931258146299631,0.8954861606221294
datasets/dataset/B7_oval_slow_rep2.csv,thrust_upgrade_firmware,body_rate,0.1,x,rad/s,68,0,6.395960022651181,6.64302246609164
datasets/dataset/B7_oval_slow_rep2.csv,thrust_upgrade_firmware,body_rate,0.1,y,rad/s,68,0,-11.298218181151436,12.52609330539412
datasets/dataset/B7_oval_slow_rep2.csv,thrust_upgrade_firmware,body_rate,0.1,z,rad/s,68,0,0.18578237997577263,0.40207349467955816
datasets/dataset/B7_oval_slow_rep2.csv,thrust_upgrade_firmware,attitude_angle,0.1,angle,rad,68,0,0.6682610884160772,0.706209041699832
datasets/dataset/B7_oval_slow_rep2.csv,thrust_upgrade_firmware,position,0.25,x,m,68,0,-0.1709444941062703,0.17680524608360862
datasets/dataset/B7_oval_slow_rep2.csv,thrust_upgrade_firmware,position,0.25,y,m,68,0,-0.11418884788574403,0.12118876802728529
datasets/dataset/B7_oval_slow_rep2.csv,thrust_upgrade_firmware,position,0.25,z,m,68,0,0.09853125805957191,0.12925751618837666
datasets/dataset/B7_oval_slow_rep2.csv,thrust_upgrade_firmware,velocity,0.25,x,m/s,68,0,-1.2873761313706324,1.347629487060061
datasets/dataset/B7_oval_slow_rep2.csv,thrust_upgrade_firmware,velocity,0.25,y,m/s,68,0,-1.0534679747643645,1.2598882721652562
datasets/dataset/B7_oval_slow_rep2.csv,thrust_upgrade_firmware,velocity,0.25,z,m/s,68,0,-0.8129618736466594,1.1351404474607056
datasets/dataset/B7_oval_slow_rep2.csv,thrust_upgrade_firmware,body_rate,0.25,x,rad/s,68,0,16.59873209452205,17.192844722631538
datasets/dataset/B7_oval_slow_rep2.csv,thrust_upgrade_firmware,body_rate,0.25,y,rad/s,68,0,-28.560786936764934,31.32457142693416
datasets/dataset/B7_oval_slow_rep2.csv,thrust_upgrade_firmware,body_rate,0.25,z,rad/s,68,0,0.48220326755828086,0.989076691367503
datasets/dataset/B7_oval_slow_rep2.csv,thrust_upgrade_firmware,attitude_angle,0.25,angle,rad,68,0,1.6886853193874818,1.9440898824523039
datasets/dataset/B7_oval_slow_rep2.csv,thrust_upgrade_firmware,position,0.5,x,m,68,0,-0.45881893145958613,0.46635725292965624
datasets/dataset/B7_oval_slow_rep2.csv,thrust_upgrade_firmware,position,0.5,y,m,68,0,-0.3597631465099937,0.4038411863886166
datasets/dataset/B7_oval_slow_rep2.csv,thrust_upgrade_firmware,position,0.5,z,m,68,0,-0.41677867104211225,0.4483936116420003
datasets/dataset/B7_oval_slow_rep2.csv,thrust_upgrade_firmware,velocity,0.5,x,m/s,68,0,-1.1252095734033252,1.1876485094325129
datasets/dataset/B7_oval_slow_rep2.csv,thrust_upgrade_firmware,velocity,0.5,y,m/s,68,0,-1.0396608778651342,1.2440978653932386
datasets/dataset/B7_oval_slow_rep2.csv,thrust_upgrade_firmware,velocity,0.5,z,m/s,68,0,-3.268936486525337,3.296712848063679
datasets/dataset/B7_oval_slow_rep2.csv,thrust_upgrade_firmware,body_rate,0.5,x,rad/s,68,0,36.23402128345029,38.31844991569384
datasets/dataset/B7_oval_slow_rep2.csv,thrust_upgrade_firmware,body_rate,0.5,y,rad/s,68,0,-53.94220268035021,59.95332123682184
datasets/dataset/B7_oval_slow_rep2.csv,thrust_upgrade_firmware,body_rate,0.5,z,rad/s,68,0,1.0014625605020198,1.9838439948892177
datasets/dataset/B7_oval_slow_rep2.csv,thrust_upgrade_firmware,attitude_angle,0.5,angle,rad,68,0,1.6557360539382489,1.9193227951994176
datasets/dataset/B7_oval_slow_rep2.csv,legacy_propellers_firmware,body_specific_force,0,x,m/s^2,3437,0,-0.03692447619163383,0.18617462603732224
datasets/dataset/B7_oval_slow_rep2.csv,legacy_propellers_firmware,body_specific_force,0,y,m/s^2,3437,0,0.007009838428065436,0.07155526854158262
datasets/dataset/B7_oval_slow_rep2.csv,legacy_propellers_firmware,body_specific_force,0,z,m/s^2,3437,0,1.7874136482969696,1.7950961034858006
datasets/dataset/B7_oval_slow_rep2.csv,legacy_propellers_firmware,angular_acceleration_diagnostic,0,x,rad/s^2,3437,0,42.325043708594954,43.830460777577215
datasets/dataset/B7_oval_slow_rep2.csv,legacy_propellers_firmware,angular_acceleration_diagnostic,0,y,rad/s^2,3437,0,-75.55344686781416,82.79615402367477
datasets/dataset/B7_oval_slow_rep2.csv,legacy_propellers_firmware,angular_acceleration_diagnostic,0,z,rad/s^2,3437,0,2.013102771342147,4.031026400208278
datasets/dataset/B7_oval_slow_rep2.csv,legacy_propellers_firmware,position,0.1,x,m,68,0,-0.0026981180218021645,0.0035332395811010667
datasets/dataset/B7_oval_slow_rep2.csv,legacy_propellers_firmware,position,0.1,y,m,68,0,-0.0016612091922595463,0.0019298350557830593
datasets/dataset/B7_oval_slow_rep2.csv,legacy_propellers_firmware,position,0.1,z,m,68,0,0.008529370213415953,0.00857830858806844
datasets/dataset/B7_oval_slow_rep2.csv,legacy_propellers_firmware,velocity,0.1,x,m/s,68,0,-0.12482495974689778,0.14619174827493284
datasets/dataset/B7_oval_slow_rep2.csv,legacy_propellers_firmware,velocity,0.1,y,m/s,68,0,-0.0727123738408373,0.07819582409686517
datasets/dataset/B7_oval_slow_rep2.csv,legacy_propellers_firmware,velocity,0.1,z,m/s,68,0,0.15573426241576135,0.15741493313275043
datasets/dataset/B7_oval_slow_rep2.csv,legacy_propellers_firmware,body_rate,0.1,x,rad/s,68,0,4.180707317482622,4.343863748533044
datasets/dataset/B7_oval_slow_rep2.csv,legacy_propellers_firmware,body_rate,0.1,y,rad/s,68,0,-7.378984415635703,8.16858392890248
datasets/dataset/B7_oval_slow_rep2.csv,legacy_propellers_firmware,body_rate,0.1,z,rad/s,68,0,0.18434963123029777,0.3777460108594607
datasets/dataset/B7_oval_slow_rep2.csv,legacy_propellers_firmware,attitude_angle,0.1,angle,rad,68,0,0.43599171902571315,0.46049055810787465
datasets/dataset/B7_oval_slow_rep2.csv,legacy_propellers_firmware,position,0.25,x,m,68,0,-0.09375853493735033,0.10039907749711664
datasets/dataset/B7_oval_slow_rep2.csv,legacy_propellers_firmware,position,0.25,y,m,68,0,-0.05875579806399983,0.0614911610467674
datasets/dataset/B7_oval_slow_rep2.csv,legacy_propellers_firmware,position,0.25,z,m,68,0,-0.017644670561487233,0.04188500783859485
datasets/dataset/B7_oval_slow_rep2.csv,legacy_propellers_firmware,velocity,0.25,x,m/s,68,0,-1.0453186368728495,1.0739370718935688
datasets/dataset/B7_oval_slow_rep2.csv,legacy_propellers_firmware,velocity,0.25,y,m/s,68,0,-0.7200069449309131,0.7740305935485142
datasets/dataset/B7_oval_slow_rep2.csv,legacy_propellers_firmware,velocity,0.25,z,m/s,68,0,-0.9975993474411832,1.1794846665489345
datasets/dataset/B7_oval_slow_rep2.csv,legacy_propellers_firmware,body_rate,0.25,x,rad/s,68,0,10.861546584210721,11.25534506017862
datasets/dataset/B7_oval_slow_rep2.csv,legacy_propellers_firmware,body_rate,0.25,y,rad/s,68,0,-18.62384073594283,20.413129940818965
datasets/dataset/B7_oval_slow_rep2.csv,legacy_propellers_firmware,body_rate,0.25,z,rad/s,68,0,0.47868346304571185,0.9305979973674826
datasets/dataset/B7_oval_slow_rep2.csv,legacy_propellers_firmware,attitude_angle,0.25,angle,rad,68,0,2.2917752943685903,2.3528289263574163
datasets/dataset/B7_oval_slow_rep2.csv,legacy_propellers_firmware,position,0.5,x,m,68,0,-0.3116786576675172,0.31728376913725537
datasets/dataset/B7_oval_slow_rep2.csv,legacy_propellers_firmware,position,0.5,y,m,68,0,-0.24639205513231008,0.27688092970620937
datasets/dataset/B7_oval_slow_rep2.csv,legacy_propellers_firmware,position,0.5,z,m,68,0,-0.6395940127763315,0.6493790264985098
datasets/dataset/B7_oval_slow_rep2.csv,legacy_propellers_firmware,velocity,0.5,x,m/s,68,0,-0.7728124912484666,0.8437905709607643
datasets/dataset/B7_oval_slow_rep2.csv,legacy_propellers_firmware,velocity,0.5,y,m/s,68,0,-0.7038973940244816,0.8152385577981373
datasets/dataset/B7_oval_slow_rep2.csv,legacy_propellers_firmware,velocity,0.5,z,m/s,68,0,-3.6838914028430976,3.6968715447571805
datasets/dataset/B7_oval_slow_rep2.csv,legacy_propellers_firmware,body_rate,0.5,x,rad/s,68,0,23.78466459774662,25.115575313768556
datasets/dataset/B7_oval_slow_rep2.csv,legacy_propellers_firmware,body_rate,0.5,y,rad/s,68,0,-35.199283273595505,39.04634544966815
datasets/dataset/B7_oval_slow_rep2.csv,legacy_propellers_firmware,body_rate,0.5,z,rad/s,68,0,0.9915603218461655,1.8702924954735836
datasets/dataset/B7_oval_slow_rep2.csv,legacy_propellers_firmware,attitude_angle,0.5,angle,rad,68,0,1.577246086038422,1.8457334678727146
datasets/dataset/B7_oval_slow_rep2.csv,persistence,body_specific_force,0,x,m/s^2,3437,0,1.573037093739261e-05,0.005317744627905591
datasets/dataset/B7_oval_slow_rep2.csv,persistence,body_specific_force,0,y,m/s^2,3437,0,1.4050008260904082e-05,0.004864872752647704
datasets/dataset/B7_oval_slow_rep2.csv,persistence,body_specific_force,0,z,m/s^2,3437,0,2.7829865930647043e-05,0.008655875548976883
datasets/dataset/B7_oval_slow_rep2.csv,persistence,angular_acceleration_diagnostic,0,x,rad/s^2,3437,0,-0.004903596664683901,0.740542839469826
datasets/dataset/B7_oval_slow_rep2.csv,persistence,angular_acceleration_diagnostic,0,y,rad/s^2,3437,0,0.013549965147863224,2.0010399083145183
datasets/dataset/B7_oval_slow_rep2.csv,persistence,angular_acceleration_diagnostic,0,z,rad/s^2,3437,0,0.0034528866412483926,0.34467029227310747
datasets/dataset/B7_oval_slow_rep2.csv,persistence,position,0.1,x,m,68,0,4.914404550330261e-05,0.0024224365104024413
datasets/dataset/B7_oval_slow_rep2.csv,persistence,position,0.1,y,m,68,0,7.79214859808307e-06,0.000820531659651534
datasets/dataset/B7_oval_slow_rep2.csv,persistence,position,0.1,z,m,68,0,0.00017063511184532617,0.0010345695645577857
datasets/dataset/B7_oval_slow_rep2.csv,persistence,velocity,0.1,x,m/s,68,0,0.000157220838235291,0.048467426961844785
datasets/dataset/B7_oval_slow_rep2.csv,persistence,velocity,0.1,y,m/s,68,0,0.0005230368970588239,0.016020308021951153
datasets/dataset/B7_oval_slow_rep2.csv,persistence,velocity,0.1,z,m/s,68,0,0.003848523338235295,0.01988380434531053
datasets/dataset/B7_oval_slow_rep2.csv,persistence,body_rate,0.1,x,rad/s,68,0,0.001368333029411764,0.07334768037214723
datasets/dataset/B7_oval_slow_rep2.csv,persistence,body_rate,0.1,y,rad/s,68,0,-0.03505604698529411,0.1646260664871875
datasets/dataset/B7_oval_slow_rep2.csv,persistence,body_rate,0.1,z,rad/s,68,0,0.0027443372499999998,0.03714443625055609
datasets/dataset/B7_oval_slow_rep2.csv,persistence,attitude_angle,0.1,angle,rad,68,0,0.010592498884403079,0.012486813493737198
datasets/dataset/B7_oval_slow_rep2.csv,persistence,position,0.25,x,m,68,0,0.0001608852764904142,0.014580442890352234
datasets/dataset/B7_oval_slow_rep2.csv,persistence,position,0.25,y,m,68,0,5.133043518177867e-05,0.004791385623154226
datasets/dataset/B7_oval_slow_rep2.csv,persistence,position,0.25,z,m,68,0,0.0011746551606595706,0.00623429489527805
datasets/dataset/B7_oval_slow_rep2.csv,persistence,velocity,0.25,x,m/s,68,0,-0.0003641057647058877,0.1161209632368679
datasets/dataset/B7_oval_slow_rep2.csv,persistence,velocity,0.25,y,m/s,68,0,0.0011330827794117666,0.03690423556732172
datasets/dataset/B7_oval_slow_rep2.csv,persistence,velocity,0.25,z,m/s,68,0,0.010019384264705881,0.05061495877103657
datasets/dataset/B7_oval_slow_rep2.csv,persistence,body_rate,0.25,x,rad/s,68,0,0.00629578304411765,0.08978791163704976
datasets/dataset/B7_oval_slow_rep2.csv,persistence,body_rate,0.25,y,rad/s,68,0,-0.02122814213235294,0.14206763579696502
datasets/dataset/B7_oval_slow_rep2.csv,persistence,body_rate,0.25,z,rad/s,68,0,0.005549372250000003,0.07482760208637795
datasets/dataset/B7_oval_slow_rep2.csv,persistence,attitude_angle,0.25,angle,rad,68,0,0.02990368198159042,0.04474061259348293
datasets/dataset/B7_oval_slow_rep2.csv,persistence,position,0.5,x,m,68,0,-0.00010763815930844488,0.057116709108332234
datasets/dataset/B7_oval_slow_rep2.csv,persistence,position,0.5,y,m,68,0,0.0001619421084873951,0.01796295429248742
datasets/dataset/B7_oval_slow_rep2.csv,persistence,position,0.5,z,m,68,0,0.004881858372145947,0.024587954637399694
datasets/dataset/B7_oval_slow_rep2.csv,persistence,velocity,0.5,x,m/s,68,0,-0.0021278417941176467,0.23076568115289398
datasets/dataset/B7_oval_slow_rep2.csv,persistence,velocity,0.5,y,m/s,68,0,-0.0002350026764705883,0.07048593783985282
datasets/dataset/B7_oval_slow_rep2.csv,persistence,velocity,0.5,z,m/s,68,0,0.01923289661764706,0.0954882939363106
datasets/dataset/B7_oval_slow_rep2.csv,persistence,body_rate,0.5,x,rad/s,68,0,0.0005271039117647054,0.103426945324617
datasets/dataset/B7_oval_slow_rep2.csv,persistence,body_rate,0.5,y,rad/s,68,0,0.0017737808235294094,0.18638379125685844
datasets/dataset/B7_oval_slow_rep2.csv,persistence,body_rate,0.5,z,rad/s,68,0,0.0025365788970588238,0.08370241109489619
datasets/dataset/B7_oval_slow_rep2.csv,persistence,attitude_angle,0.5,angle,rad,68,0,0.055385631207733044,0.07091097055535026
datasets/dataset/B7_oval_slow_rep2.csv,frame_check,vicon_body_rate_minus_imu,0,x,rad/s,3437,0,0.0028146877369481065,0.03605669313937119
datasets/dataset/B7_oval_slow_rep2.csv,frame_check,vicon_body_rate_minus_imu,0,y,rad/s,3437,0,0.002998584075241457,0.09002382349863401
datasets/dataset/B7_oval_slow_rep2.csv,frame_check,vicon_body_rate_minus_imu,0,z,rad/s,3437,0,0.0003093773519102846,0.04595291679073231
datasets/dataset/B7_oval_slow_rep3.csv,cf21plus_firmware,body_specific_force,0,x,m/s^2,3436,0,-0.0327537555492068,0.1845435021594271
datasets/dataset/B7_oval_slow_rep3.csv,cf21plus_firmware,body_specific_force,0,y,m/s^2,3436,0,-0.10419637276182744,0.13041604575890603
datasets/dataset/B7_oval_slow_rep3.csv,cf21plus_firmware,body_specific_force,0,z,m/s^2,3436,0,0.3436530936802527,0.35746568568576886
datasets/dataset/B7_oval_slow_rep3.csv,cf21plus_firmware,angular_acceleration_diagnostic,0,x,rad/s^2,3436,0,71.6615031146379,72.38197691846628
datasets/dataset/B7_oval_slow_rep3.csv,cf21plus_firmware,angular_acceleration_diagnostic,0,y,rad/s^2,3436,0,-2.383190695649903,29.47835568746422
datasets/dataset/B7_oval_slow_rep3.csv,cf21plus_firmware,angular_acceleration_diagnostic,0,z,rad/s^2,3436,0,18.907783627278537,19.02244792841401
datasets/dataset/B7_oval_slow_rep3.csv,cf21plus_firmware,position,0.1,x,m,68,0,0.0011905008262806007,0.0024892368345627233
datasets/dataset/B7_oval_slow_rep3.csv,cf21plus_firmware,position,0.1,y,m,68,0,-0.0033778543547855486,0.003463562654654133
datasets/dataset/B7_oval_slow_rep3.csv,cf21plus_firmware,position,0.1,z,m,68,0,0.0015150878593068854,0.0015973672619246854
datasets/dataset/B7_oval_slow_rep3.csv,cf21plus_firmware,velocity,0.1,x,m/s,68,0,0.023502953047503026,0.07173751327024867
datasets/dataset/B7_oval_slow_rep3.csv,cf21plus_firmware,velocity,0.1,y,m/s,68,0,-0.12654942040406048,0.1287392904970486
datasets/dataset/B7_oval_slow_rep3.csv,cf21plus_firmware,velocity,0.1,z,m/s,68,0,0.018963344002536357,0.022092884548137712
datasets/dataset/B7_oval_slow_rep3.csv,cf21plus_firmware,body_rate,0.1,x,rad/s,68,0,7.099859136559985,7.171566457356169
datasets/dataset/B7_oval_slow_rep3.csv,cf21plus_firmware,body_rate,0.1,y,rad/s,68,0,0.02425518431429044,2.9751561992414457
datasets/dataset/B7_oval_slow_rep3.csv,cf21plus_firmware,body_rate,0.1,z,rad/s,68,0,1.8827157867537427,1.8921503431108202
datasets/dataset/B7_oval_slow_rep3.csv,cf21plus_firmware,attitude_angle,0.1,angle,rad,68,0,0.39668537778311963,0.40005646492560265
datasets/dataset/B7_oval_slow_rep3.csv,cf21plus_firmware,position,0.25,x,m,68,0,0.017944909122502926,0.04703317984284021
datasets/dataset/B7_oval_slow_rep3.csv,cf21plus_firmware,position,0.25,y,m,68,0,-0.09558447396522785,0.09636044074603457
datasets/dataset/B7_oval_slow_rep3.csv,cf21plus_firmware,position,0.25,z,m,68,0,-0.041741349064457846,0.043893338915340425
datasets/dataset/B7_oval_slow_rep3.csv,cf21plus_firmware,velocity,0.25,x,m/s,68,0,0.3186532020027467,0.5991114662135086
datasets/dataset/B7_oval_slow_rep3.csv,cf21plus_firmware,velocity,0.25,y,m/s,68,0,-1.1780096250473768,1.1863916624189634
datasets/dataset/B7_oval_slow_rep3.csv,cf21plus_firmware,velocity,0.25,z,m/s,68,0,-1.014600277196318,1.041807523337402
datasets/dataset/B7_oval_slow_rep3.csv,cf21plus_firmware,body_rate,0.25,x,rad/s,68,0,17.392172337278936,17.656849054361796
datasets/dataset/B7_oval_slow_rep3.csv,cf21plus_firmware,body_rate,0.25,y,rad/s,68,0,3.251131760181822,7.810561272750993
datasets/dataset/B7_oval_slow_rep3.csv,cf21plus_firmware,body_rate,0.25,z,rad/s,68,0,4.719860469146171,4.74193042224099
datasets/dataset/B7_oval_slow_rep3.csv,cf21plus_firmware,attitude_angle,0.25,angle,rad,68,0,2.4650584956181687,2.4833562896798793
datasets/dataset/B7_oval_slow_rep3.csv,cf21plus_firmware,position,0.5,x,m,68,0,0.21643852993426022,0.2714934230769892
datasets/dataset/B7_oval_slow_rep3.csv,cf21plus_firmware,position,0.5,y,m,68,0,-0.33915909174959313,0.3483524389426658
datasets/dataset/B7_oval_slow_rep3.csv,cf21plus_firmware,position,0.5,z,m,68,0,-0.646074703664704,0.6492139660848567
datasets/dataset/B7_oval_slow_rep3.csv,cf21plus_firmware,velocity,0.5,x,m/s,68,0,1.16478345461547,1.2924646168770386
datasets/dataset/B7_oval_slow_rep3.csv,cf21plus_firmware,velocity,0.5,y,m/s,68,0,-1.0175147053008382,1.1068649631967074
datasets/dataset/B7_oval_slow_rep3.csv,cf21plus_firmware,velocity,0.5,z,m/s,68,0,-3.5319707381545546,3.554604065126184
datasets/dataset/B7_oval_slow_rep3.csv,cf21plus_firmware,body_rate,0.5,x,rad/s,68,0,22.013736284212257,25.077360606375347
datasets/dataset/B7_oval_slow_rep3.csv,cf21plus_firmware,body_rate,0.5,y,rad/s,68,0,24.225415664031203,25.946957071847564
datasets/dataset/B7_oval_slow_rep3.csv,cf21plus_firmware,body_rate,0.5,z,rad/s,68,0,9.469858230927331,9.512475120889595
datasets/dataset/B7_oval_slow_rep3.csv,cf21plus_firmware,attitude_angle,0.5,angle,rad,68,0,2.2319166893265447,2.312164455472468
datasets/dataset/B7_oval_slow_rep3.csv,thrust_upgrade_firmware,body_specific_force,0,x,m/s^2,3436,0,-0.0327537555492068,0.1845435021594271
datasets/dataset/B7_oval_slow_rep3.csv,thrust_upgrade_firmware,body_specific_force,0,y,m/s^2,3436,0,-0.10419637276182744,0.13041604575890603
datasets/dataset/B7_oval_slow_rep3.csv,thrust_upgrade_firmware,body_specific_force,0,z,m/s^2,3436,0,8.731659807312335,8.736185849952006
datasets/dataset/B7_oval_slow_rep3.csv,thrust_upgrade_firmware,angular_acceleration_diagnostic,0,x,rad/s^2,3436,0,126.14542042704694,127.36155647622152
datasets/dataset/B7_oval_slow_rep3.csv,thrust_upgrade_firmware,angular_acceleration_diagnostic,0,y,rad/s^2,3436,0,2.665901503862089,51.90428537876016
datasets/dataset/B7_oval_slow_rep3.csv,thrust_upgrade_firmware,angular_acceleration_diagnostic,0,z,rad/s^2,3436,0,24.530416525916856,24.679856943885145
datasets/dataset/B7_oval_slow_rep3.csv,thrust_upgrade_firmware,position,0.1,x,m,68,0,0.0026142487516171257,0.006547957061043745
datasets/dataset/B7_oval_slow_rep3.csv,thrust_upgrade_firmware,position,0.1,y,m,68,0,-0.010186650239757707,0.010377272302837554
datasets/dataset/B7_oval_slow_rep3.csv,thrust_upgrade_firmware,position,0.1,z,m,68,0,0.04211905869361134,0.042145981170835935
datasets/dataset/B7_oval_slow_rep3.csv,thrust_upgrade_firmware,velocity,0.1,x,m/s,68,0,0.06337922995706048,0.20044556586861748
datasets/dataset/B7_oval_slow_rep3.csv,thrust_upgrade_firmware,velocity,0.1,y,m/s,68,0,-0.38616428649170226,0.3911486349911412
datasets/dataset/B7_oval_slow_rep3.csv,thrust_upgrade_firmware,velocity,0.1,z,m/s,68,0,0.7828706117000764,0.7838045000082088
datasets/dataset/B7_oval_slow_rep3.csv,thrust_upgrade_firmware,body_rate,0.1,x,rad/s,68,0,12.466331887286806,12.586410564300863
datasets/dataset/B7_oval_slow_rep3.csv,thrust_upgrade_firmware,body_rate,0.1,y,rad/s,68,0,0.8486087950893438,5.341417724353922
datasets/dataset/B7_oval_slow_rep3.csv,thrust_upgrade_firmware,body_rate,0.1,z,rad/s,68,0,2.4432380689852433,2.455773355315565
datasets/dataset/B7_oval_slow_rep3.csv,thrust_upgrade_firmware,attitude_angle,0.1,angle,rad,68,0,0.6891934609493497,0.6954290507801708
datasets/dataset/B7_oval_slow_rep3.csv,thrust_upgrade_firmware,position,0.25,x,m,68,0,0.05597018623232147,0.10497330270569287
datasets/dataset/B7_oval_slow_rep3.csv,thrust_upgrade_firmware,position,0.25,y,m,68,0,-0.20267998254553574,0.20413127600749773
datasets/dataset/B7_oval_slow_rep3.csv,thrust_upgrade_firmware,position,0.25,z,m,68,0,0.061493573704154245,0.07142533084515623
datasets/dataset/B7_oval_slow_rep3.csv,thrust_upgrade_firmware,velocity,0.25,x,m/s,68,0,0.8037492539592991,1.017708390345706
datasets/dataset/B7_oval_slow_rep3.csv,thrust_upgrade_firmware,velocity,0.25,y,m/s,68,0,-1.4642382430427816,1.5389385051707283
datasets/dataset/B7_oval_slow_rep3.csv,thrust_upgrade_firmware,velocity,0.25,z,m/s,68,0,-1.2531785599271474,1.287610310578813
datasets/dataset/B7_oval_slow_rep3.csv,thrust_upgrade_firmware,body_rate,0.25,x,rad/s,68,0,29.579098516013577,30.080091854159036
datasets/dataset/B7_oval_slow_rep3.csv,thrust_upgrade_firmware,body_rate,0.25,y,rad/s,68,0,9.267665591404137,15.608232450414256
datasets/dataset/B7_oval_slow_rep3.csv,thrust_upgrade_firmware,body_rate,0.25,z,rad/s,68,0,6.124012860920235,6.153235581736616
datasets/dataset/B7_oval_slow_rep3.csv,thrust_upgrade_firmware,attitude_angle,0.25,angle,rad,68,0,2.019223820413872,2.0896746224288423
datasets/dataset/B7_oval_slow_rep3.csv,thrust_upgrade_firmware,position,0.5,x,m,68,0,0.3742351206984581,0.44412246275322953
datasets/dataset/B7_oval_slow_rep3.csv,thrust_upgrade_firmware,position,0.5,y,m,68,0,-0.5090307934667301,0.5299600196414284
datasets/dataset/B7_oval_slow_rep3.csv,thrust_upgrade_firmware,position,0.5,z,m,68,0,-0.44042839095116504,0.4497039439411066
datasets/dataset/B7_oval_slow_rep3.csv,thrust_upgrade_firmware,velocity,0.5,x,m/s,68,0,1.7991944685033268,1.9413101559080046
datasets/dataset/B7_oval_slow_rep3.csv,thrust_upgrade_firmware,velocity,0.5,y,m/s,68,0,-1.2125482011490873,1.4237095649453662
datasets/dataset/B7_oval_slow_rep3.csv,thrust_upgrade_firmware,velocity,0.5,z,m/s,68,0,-3.0829438058872594,3.112180069808859
datasets/dataset/B7_oval_slow_rep3.csv,thrust_upgrade_firmware,body_rate,0.5,x,rad/s,68,0,22.15724842783476,32.14374050215631
datasets/dataset/B7_oval_slow_rep3.csv,thrust_upgrade_firmware,body_rate,0.5,y,rad/s,68,0,49.444329048577636,51.06631537906632
datasets/dataset/B7_oval_slow_rep3.csv,thrust_upgrade_firmware,body_rate,0.5,z,rad/s,68,0,12.28784461573837,12.343819945520842
datasets/dataset/B7_oval_slow_rep3.csv,thrust_upgrade_firmware,attitude_angle,0.5,angle,rad,68,0,1.855940113383284,1.9589691724124236
datasets/dataset/B7_oval_slow_rep3.csv,legacy_propellers_firmware,body_specific_force,0,x,m/s^2,3436,0,-0.0327537555492068,0.1845435021594271
datasets/dataset/B7_oval_slow_rep3.csv,legacy_propellers_firmware,body_specific_force,0,y,m/s^2,3436,0,-0.10419637276182744,0.13041604575890603
datasets/dataset/B7_oval_slow_rep3.csv,legacy_propellers_firmware,body_specific_force,0,z,m/s^2,3436,0,1.0894536876438325,1.0959913417608476
datasets/dataset/B7_oval_slow_rep3.csv,legacy_propellers_firmware,angular_acceleration_diagnostic,0,x,rad/s^2,3436,0,80.29409986131361,81.09156513468702
datasets/dataset/B7_oval_slow_rep3.csv,legacy_propellers_firmware,angular_acceleration_diagnostic,0,y,rad/s^2,3436,0,-1.8487357316563424,32.983152304732045
datasets/dataset/B7_oval_slow_rep3.csv,legacy_propellers_firmware,angular_acceleration_diagnostic,0,z,rad/s^2,3436,0,22.266465230768173,22.401876670312294
datasets/dataset/B7_oval_slow_rep3.csv,legacy_propellers_firmware,position,0.1,x,m,68,0,0.001319590087400389,0.00283718886157706
datasets/dataset/B7_oval_slow_rep3.csv,legacy_propellers_firmware,position,0.1,y,m,68,0,-0.004005821129771011,0.004100057509284185
datasets/dataset/B7_oval_slow_rep3.csv,legacy_propellers_firmware,position,0.1,z,m,68,0,0.0051411184568342,0.005178094273112772
datasets/dataset/B7_oval_slow_rep3.csv,legacy_propellers_firmware,velocity,0.1,x,m/s,68,0,0.02736379168495317,0.08347790526877553
datasets/dataset/B7_oval_slow_rep3.csv,legacy_propellers_firmware,velocity,0.1,y,m/s,68,0,-0.15072013017079117,0.15318305678872504
datasets/dataset/B7_oval_slow_rep3.csv,legacy_propellers_firmware,velocity,0.1,z,m/s,68,0,0.087794758503125,0.08887692405909126
datasets/dataset/B7_oval_slow_rep3.csv,legacy_propellers_firmware,body_rate,0.1,x,rad/s,68,0,7.951125198659048,8.030846180564524
datasets/dataset/B7_oval_slow_rep3.csv,legacy_propellers_firmware,body_rate,0.1,y,rad/s,68,0,0.15708528940602184,3.3411884007885644
datasets/dataset/B7_oval_slow_rep3.csv,legacy_propellers_firmware,body_rate,0.1,z,rad/s,68,0,2.217459992387742,2.2287399403161774
datasets/dataset/B7_oval_slow_rep3.csv,legacy_propellers_firmware,attitude_angle,0.1,angle,rad,68,0,0.4458014570688331,0.4494843686050145
datasets/dataset/B7_oval_slow_rep3.csv,legacy_propellers_firmware,position,0.25,x,m,68,0,0.024095546046994924,0.054442676140659285
datasets/dataset/B7_oval_slow_rep3.csv,legacy_propellers_firmware,position,0.25,y,m,68,0,-0.10806804508343958,0.1089168267291308
datasets/dataset/B7_oval_slow_rep3.csv,legacy_propellers_firmware,position,0.25,z,m,68,0,-0.03335929319899454,0.03715693560482851
datasets/dataset/B7_oval_slow_rep3.csv,legacy_propellers_firmware,velocity,0.25,x,m/s,68,0,0.42684009626898806,0.6836377857602475
datasets/dataset/B7_oval_slow_rep3.csv,legacy_propellers_firmware,velocity,0.25,y,m/s,68,0,-1.240514051773775,1.252829523323813
datasets/dataset/B7_oval_slow_rep3.csv,legacy_propellers_firmware,velocity,0.25,z,m/s,68,0,-1.0909352118461848,1.1233292308211753
datasets/dataset/B7_oval_slow_rep3.csv,legacy_propellers_firmware,body_rate,0.25,x,rad/s,68,0,19.235876628878227,19.562268516407805
datasets/dataset/B7_oval_slow_rep3.csv,legacy_propellers_firmware,body_rate,0.25,y,rad/s,68,0,4.569419598516417,9.137134571845849
datasets/dataset/B7_oval_slow_rep3.csv,legacy_propellers_firmware,body_rate,0.25,z,rad/s,68,0,5.558056902861673,5.5843497128935375
datasets/dataset/B7_oval_slow_rep3.csv,legacy_propellers_firmware,attitude_angle,0.25,angle,rad,68,0,2.729849468326283,2.744996997903534
datasets/dataset/B7_oval_slow_rep3.csv,legacy_propellers_firmware,position,0.5,x,m,68,0,0.25439323718967805,0.305558355952919
datasets/dataset/B7_oval_slow_rep3.csv,legacy_propellers_firmware,position,0.5,y,m,68,0,-0.3482799902106373,0.3608074168192708
datasets/dataset/B7_oval_slow_rep3.csv,legacy_propellers_firmware,position,0.5,z,m,68,0,-0.6259727387910126,0.6301217558760888
datasets/dataset/B7_oval_slow_rep3.csv,legacy_propellers_firmware,velocity,0.5,x,m/s,68,0,1.3600924585888905,1.4694489141853841
datasets/dataset/B7_oval_slow_rep3.csv,legacy_propellers_firmware,velocity,0.5,y,m/s,68,0,-0.9179428074824767,1.0574886706650661
datasets/dataset/B7_oval_slow_rep3.csv,legacy_propellers_firmware,velocity,0.5,z,m/s,68,0,-3.4753524878674917,3.491622733389676
datasets/dataset/B7_oval_slow_rep3.csv,legacy_propellers_firmware,body_rate,0.5,x,rad/s,68,0,19.19092867526311,23.998342321250565
datasets/dataset/B7_oval_slow_rep3.csv,legacy_propellers_firmware,body_rate,0.5,y,rad/s,68,0,29.82181337254996,31.08914392503508
datasets/dataset/B7_oval_slow_rep3.csv,legacy_propellers_firmware,body_rate,0.5,z,rad/s,68,0,11.152136190410609,11.202595967197654
datasets/dataset/B7_oval_slow_rep3.csv,legacy_propellers_firmware,attitude_angle,0.5,angle,rad,68,0,1.8814400241883602,1.9730201043548925
datasets/dataset/B7_oval_slow_rep3.csv,persistence,body_specific_force,0,x,m/s^2,3436,0,-3.4992451166790435e-06,0.004134007254614
datasets/dataset/B7_oval_slow_rep3.csv,persistence,body_specific_force,0,y,m/s^2,3436,0,-1.8478207984972004e-07,0.007363576069441464
datasets/dataset/B7_oval_slow_rep3.csv,persistence,body_specific_force,0,z,m/s^2,3436,0,0.00010614050528759686,0.010308541129231704
datasets/dataset/B7_oval_slow_rep3.csv,persistence,angular_acceleration_diagnostic,0,x,rad/s^2,3436,0,-0.0026361646520661267,0.6834178105639037
datasets/dataset/B7_oval_slow_rep3.csv,persistence,angular_acceleration_diagnostic,0,y,rad/s^2,3436,0,0.0027749267720032483,2.01858372344747
datasets/dataset/B7_oval_slow_rep3.csv,persistence,angular_acceleration_diagnostic,0,z,rad/s^2,3436,0,0.008854275448683955,0.2869027554229498
datasets/dataset/B7_oval_slow_rep3.csv,persistence,position,0.1,x,m,68,0,2.6603857129809012e-05,0.002618794613115043
datasets/dataset/B7_oval_slow_rep3.csv,persistence,position,0.1,y,m,68,0,-2.284561216423666e-05,0.0007621919420036412
datasets/dataset/B7_oval_slow_rep3.csv,persistence,position,0.1,z,m,68,0,0.00019990910196698852,0.001262513396912948
datasets/dataset/B7_oval_slow_rep3.csv,persistence,velocity,0.1,x,m/s,68,0,0.0007375396911764766,0.05163301692386128
datasets/dataset/B7_oval_slow_rep3.csv,persistence,velocity,0.1,y,m/s,68,0,-0.0002940006617647062,0.014716997799795715
datasets/dataset/B7_oval_slow_rep3.csv,persistence,velocity,0.1,z,m/s,68,0,0.003643409279411765,0.02528448345199697
datasets/dataset/B7_oval_slow_rep3.csv,persistence,body_rate,0.1,x,rad/s,68,0,-9.091647058823782e-06,0.056883765712637896
datasets/dataset/B7_oval_slow_rep3.csv,persistence,body_rate,0.1,y,rad/s,68,0,-0.0041348946176470594,0.09275384449649966
datasets/dataset/B7_oval_slow_rep3.csv,persistence,body_rate,0.1,z,rad/s,68,0,-0.0005683800735294111,0.03137519012273522
datasets/dataset/B7_oval_slow_rep3.csv,persistence,attitude_angle,0.1,angle,rad,68,0,0.008853968924987464,0.011458948021534316
datasets/dataset/B7_oval_slow_rep3.csv,persistence,position,0.25,x,m,68,0,0.00020049940338920288,0.015580539776968156
datasets/dataset/B7_oval_slow_rep3.csv,persistence,position,0.25,y,m,68,0,-6.709635642695037e-05,0.004569665601885878
datasets/dataset/B7_oval_slow_rep3.csv,persistence,position,0.25,z,m,68,0,0.0011624720012190087,0.007753529965814538
datasets/dataset/B7_oval_slow_rep3.csv,persistence,velocity,0.25,x,m/s,68,0,0.0015186139411764803,0.12219297329530178
datasets/dataset/B7_oval_slow_rep3.csv,persistence,velocity,0.25,y,m/s,68,0,-0.0004212348970588259,0.03656562060327453
datasets/dataset/B7_oval_slow_rep3.csv,persistence,velocity,0.25,z,m/s,68,0,0.009113475573529413,0.06124057331309883
datasets/dataset/B7_oval_slow_rep3.csv,persistence,body_rate,0.25,x,rad/s,68,0,0.012757601573529412,0.07806330884718066
datasets/dataset/B7_oval_slow_rep3.csv,persistence,body_rate,0.25,y,rad/s,68,0,-0.025526245382352937,0.17245223626287276
datasets/dataset/B7_oval_slow_rep3.csv,persistence,body_rate,0.25,z,rad/s,68,0,0.004878416970588237,0.05562873919786465
datasets/dataset/B7_oval_slow_rep3.csv,persistence,attitude_angle,0.25,angle,rad,68,0,0.025724583323189703,0.04948982165318285
datasets/dataset/B7_oval_slow_rep3.csv,persistence,position,0.5,x,m,68,0,0.0002758027330400472,0.059736328326415164
datasets/dataset/B7_oval_slow_rep3.csv,persistence,position,0.5,y,m,68,0,-0.0003412244251962457,0.017994277331610645
datasets/dataset/B7_oval_slow_rep3.csv,persistence,position,0.5,z,m,68,0,0.004766767494964328,0.02907460182602636
datasets/dataset/B7_oval_slow_rep3.csv,persistence,velocity,0.5,x,m/s,68,0,-0.0008986656617647042,0.23952038118681143
datasets/dataset/B7_oval_slow_rep3.csv,persistence,velocity,0.5,y,m/s,68,0,-0.0016917134411764702,0.07192291633027503
datasets/dataset/B7_oval_slow_rep3.csv,persistence,velocity,0.5,z,m/s,68,0,0.019542674926470587,0.11065261711441932
datasets/dataset/B7_oval_slow_rep3.csv,persistence,body_rate,0.5,x,rad/s,68,0,-0.0027489207941176464,0.1072708275667722
datasets/dataset/B7_oval_slow_rep3.csv,persistence,body_rate,0.5,y,rad/s,68,0,-0.0003442370441176437,0.1952129873503738
datasets/dataset/B7_oval_slow_rep3.csv,persistence,body_rate,0.5,z,rad/s,68,0,0.0063787164264705876,0.07599977020029292
datasets/dataset/B7_oval_slow_rep3.csv,persistence,attitude_angle,0.5,angle,rad,68,0,0.05412260227592873,0.08439905394462298
datasets/dataset/B7_oval_slow_rep3.csv,frame_check,vicon_body_rate_minus_imu,0,x,rad/s,3436,0,0.0015759528403471532,0.03168982646087056
datasets/dataset/B7_oval_slow_rep3.csv,frame_check,vicon_body_rate_minus_imu,0,y,rad/s,3436,0,0.0004497499796067946,0.07396692980864521
datasets/dataset/B7_oval_slow_rep3.csv,frame_check,vicon_body_rate_minus_imu,0,z,rad/s,3436,0,-0.001077143445285159,0.022989046202469065
datasets/dataset/C4_battery_drain_rep1.csv,cf21plus_firmware,body_specific_force,0,x,m/s^2,4674,0,-0.022990814985330846,0.029609249736871696
datasets/dataset/C4_battery_drain_rep1.csv,cf21plus_firmware,body_specific_force,0,y,m/s^2,4674,0,-0.08759576936706617,0.09074742012453227
datasets/dataset/C4_battery_drain_rep1.csv,cf21plus_firmware,body_specific_force,0,z,m/s^2,4674,0,0.34491560198397625,0.3586452678193675
datasets/dataset/C4_battery_drain_rep1.csv,cf21plus_firmware,angular_acceleration_diagnostic,0,x,rad/s^2,4674,0,63.1562710419988,63.78114717439316
datasets/dataset/C4_battery_drain_rep1.csv,cf21plus_firmware,angular_acceleration_diagnostic,0,y,rad/s^2,4674,0,3.7430748313680113,9.410081706606777
datasets/dataset/C4_battery_drain_rep1.csv,cf21plus_firmware,angular_acceleration_diagnostic,0,z,rad/s^2,4674,0,15.553907553306626,15.72751365643396
datasets/dataset/C4_battery_drain_rep1.csv,cf21plus_firmware,position,0.1,x,m,92,0,0.0014834821597810976,0.0015752076034952216
datasets/dataset/C4_battery_drain_rep1.csv,cf21plus_firmware,position,0.1,y,m,92,0,-0.0034066745709888514,0.0034444096065137054
datasets/dataset/C4_battery_drain_rep1.csv,cf21plus_firmware,position,0.1,z,m,92,0,0.0015925203758120204,0.0016829889199129822
datasets/dataset/C4_battery_drain_rep1.csv,cf21plus_firmware,velocity,0.1,x,m/s,92,0,0.033649702603802574,0.03785167013316954
datasets/dataset/C4_battery_drain_rep1.csv,cf21plus_firmware,velocity,0.1,y,m/s,92,0,-0.12069635790921385,0.12199987255769147
datasets/dataset/C4_battery_drain_rep1.csv,cf21plus_firmware,velocity,0.1,z,m/s,92,0,0.02421090413707474,0.026097650871208845
datasets/dataset/C4_battery_drain_rep1.csv,cf21plus_firmware,body_rate,0.1,x,rad/s,92,0,6.306807320439133,6.373601291780288
datasets/dataset/C4_battery_drain_rep1.csv,cf21plus_firmware,body_rate,0.1,y,rad/s,92,0,0.5080085673628362,0.9621740617296844
datasets/dataset/C4_battery_drain_rep1.csv,cf21plus_firmware,body_rate,0.1,z,rad/s,92,0,1.5504138420611493,1.5673647159175212
datasets/dataset/C4_battery_drain_rep1.csv,cf21plus_firmware,attitude_angle,0.1,angle,rad,92,0,0.32869125052069414,0.332026436992849
datasets/dataset/C4_battery_drain_rep1.csv,cf21plus_firmware,position,0.25,x,m,92,0,0.02350685067958594,0.026228650849383
datasets/dataset/C4_battery_drain_rep1.csv,cf21plus_firmware,position,0.25,y,m,92,0,-0.0923663317456002,0.09291703080035624
datasets/dataset/C4_battery_drain_rep1.csv,cf21plus_firmware,position,0.25,z,m,92,0,-0.027760766775748322,0.02913436161567827
datasets/dataset/C4_battery_drain_rep1.csv,cf21plus_firmware,velocity,0.25,x,m/s,92,0,0.37492048399889144,0.3999404311568719
datasets/dataset/C4_battery_drain_rep1.csv,cf21plus_firmware,velocity,0.25,y,m/s,92,0,-1.2096782500741252,1.212691222507952
datasets/dataset/C4_battery_drain_rep1.csv,cf21plus_firmware,velocity,0.25,z,m/s,92,0,-0.7535482216852936,0.7726524753168914
datasets/dataset/C4_battery_drain_rep1.csv,cf21plus_firmware,body_rate,0.25,x,rad/s,92,0,15.263191490579903,15.420810550413552
datasets/dataset/C4_battery_drain_rep1.csv,cf21plus_firmware,body_rate,0.25,y,rad/s,92,0,3.7457701301992508,3.9836247932637576
datasets/dataset/C4_battery_drain_rep1.csv,cf21plus_firmware,body_rate,0.25,z,rad/s,92,0,3.8748300703420253,3.9143630913681386
datasets/dataset/C4_battery_drain_rep1.csv,cf21plus_firmware,attitude_angle,0.25,angle,rad,92,0,2.036203824108657,2.0509679051406122
datasets/dataset/C4_battery_drain_rep1.csv,cf21plus_firmware,position,0.5,x,m,92,0,0.251808559585625,0.2565298417825309
datasets/dataset/C4_battery_drain_rep1.csv,cf21plus_firmware,position,0.5,y,m,92,0,-0.36578413776169577,0.3668786989197694
datasets/dataset/C4_battery_drain_rep1.csv,cf21plus_firmware,position,0.5,z,m,92,0,-0.6094792325307274,0.6105744018992069
datasets/dataset/C4_battery_drain_rep1.csv,cf21plus_firmware,velocity,0.5,x,m/s,92,0,1.2254879515652466,1.2358682124510127
datasets/dataset/C4_battery_drain_rep1.csv,cf21plus_firmware,velocity,0.5,y,m/s,92,0,-1.0261423937916772,1.0554774883812796
datasets/dataset/C4_battery_drain_rep1.csv,cf21plus_firmware,velocity,0.5,z,m/s,92,0,-3.225564341047034,3.233068429816321
datasets/dataset/C4_battery_drain_rep1.csv,cf21plus_firmware,body_rate,0.5,x,rad/s,92,0,21.175469510272105,21.471748442150954
datasets/dataset/C4_battery_drain_rep1.csv,cf21plus_firmware,body_rate,0.5,y,rad/s,92,0,21.124196040004836,21.323791144906835
datasets/dataset/C4_battery_drain_rep1.csv,cf21plus_firmware,body_rate,0.5,z,rad/s,92,0,7.739387848012074,7.815946933682351
datasets/dataset/C4_battery_drain_rep1.csv,cf21plus_firmware,attitude_angle,0.5,angle,rad,92,0,1.7400278384766465,1.8721228611159892
datasets/dataset/C4_battery_drain_rep1.csv,thrust_upgrade_firmware,body_specific_force,0,x,m/s^2,4674,0,-0.022990814985330846,0.029609249736871696
datasets/dataset/C4_battery_drain_rep1.csv,thrust_upgrade_firmware,body_specific_force,0,y,m/s^2,4674,0,-0.08759576936706617,0.09074742012453227
datasets/dataset/C4_battery_drain_rep1.csv,thrust_upgrade_firmware,body_specific_force,0,z,m/s^2,4674,0,8.767785833639756,8.770809721552684
datasets/dataset/C4_battery_drain_rep1.csv,thrust_upgrade_firmware,angular_acceleration_diagnostic,0,x,rad/s^2,4674,0,111.31381966232712,112.33507902876065
datasets/dataset/C4_battery_drain_rep1.csv,thrust_upgrade_firmware,angular_acceleration_diagnostic,0,y,rad/s^2,4674,0,11.660930040724635,18.464456171354033
datasets/dataset/C4_battery_drain_rep1.csv,thrust_upgrade_firmware,angular_acceleration_diagnostic,0,z,rad/s^2,4674,0,20.1811594573478,20.39923644091811
datasets/dataset/C4_battery_drain_rep1.csv,thrust_upgrade_firmware,position,0.1,x,m,92,0,0.0033459303430343167,0.0036047593615351923
datasets/dataset/C4_battery_drain_rep1.csv,thrust_upgrade_firmware,position,0.1,y,m,92,0,-0.009839596791638454,0.009932337018831366
datasets/dataset/C4_battery_drain_rep1.csv,thrust_upgrade_firmware,position,0.1,z,m,92,0,0.04274707397019378,0.0427630222639553
datasets/dataset/C4_battery_drain_rep1.csv,thrust_upgrade_firmware,velocity,0.1,x,m/s,92,0,0.08890680633892942,0.1014441597627389
datasets/dataset/C4_battery_drain_rep1.csv,thrust_upgrade_firmware,velocity,0.1,y,m/s,92,0,-0.3613284942825646,0.3646375541127174
datasets/dataset/C4_battery_drain_rep1.csv,thrust_upgrade_firmware,velocity,0.1,z,m/s,92,0,0.8129430330570099,0.8133734014629604
datasets/dataset/C4_battery_drain_rep1.csv,thrust_upgrade_firmware,body_rate,0.1,x,rad/s,92,0,11.091069262241893,11.20293996017422
datasets/dataset/C4_battery_drain_rep1.csv,thrust_upgrade_firmware,body_rate,0.1,y,rad/s,92,0,1.4910022038049549,2.014040532530596
datasets/dataset/C4_battery_drain_rep1.csv,thrust_upgrade_firmware,body_rate,0.1,z,rad/s,92,0,2.0117587720294914,2.0332127742976067
datasets/dataset/C4_battery_drain_rep1.csv,thrust_upgrade_firmware,attitude_angle,0.1,angle,rad,92,0,0.5731839177844175,0.5785772537508135
datasets/dataset/C4_battery_drain_rep1.csv,thrust_upgrade_firmware,position,0.25,x,m,92,0,0.07127739779055127,0.07580095360417109
datasets/dataset/C4_battery_drain_rep1.csv,thrust_upgrade_firmware,position,0.25,y,m,92,0,-0.21592439712477435,0.21622482172368643
datasets/dataset/C4_battery_drain_rep1.csv,thrust_upgrade_firmware,position,0.25,z,m,92,0,0.10228012195722326,0.10600993051878077
datasets/dataset/C4_battery_drain_rep1.csv,thrust_upgrade_firmware,velocity,0.25,x,m/s,92,0,1.0039512247175169,1.0303924299703406
datasets/dataset/C4_battery_drain_rep1.csv,thrust_upgrade_firmware,velocity,0.25,y,m/s,92,0,-1.9560264951354642,1.966424245356142
datasets/dataset/C4_battery_drain_rep1.csv,thrust_upgrade_firmware,velocity,0.25,z,m/s,92,0,-0.9391627701871293,0.982120368936014
datasets/dataset/C4_battery_drain_rep1.csv,thrust_upgrade_firmware,body_rate,0.25,x,rad/s,92,0,26.178355495938742,26.436189636577893
datasets/dataset/C4_battery_drain_rep1.csv,thrust_upgrade_firmware,body_rate,0.25,y,rad/s,92,0,9.222325024370571,9.483817994638928
datasets/dataset/C4_battery_drain_rep1.csv,thrust_upgrade_firmware,body_rate,0.25,z,rad/s,92,0,5.028839578831055,5.078892318333761
datasets/dataset/C4_battery_drain_rep1.csv,thrust_upgrade_firmware,attitude_angle,0.25,angle,rad,92,0,2.703576204834416,2.733535337855329
datasets/dataset/C4_battery_drain_rep1.csv,thrust_upgrade_firmware,position,0.5,x,m,92,0,0.43857584375324804,0.4455326020385778
datasets/dataset/C4_battery_drain_rep1.csv,thrust_upgrade_firmware,position,0.5,y,m,92,0,-0.557580746055746,0.5597891365319373
datasets/dataset/C4_battery_drain_rep1.csv,thrust_upgrade_firmware,position,0.5,z,m,92,0,-0.38451558503012445,0.38888643797547706
datasets/dataset/C4_battery_drain_rep1.csv,thrust_upgrade_firmware,velocity,0.5,x,m/s,92,0,1.965351167883738,1.9853264878048713
datasets/dataset/C4_battery_drain_rep1.csv,thrust_upgrade_firmware,velocity,0.5,y,m/s,92,0,-1.2491090483803042,1.3053513003940773
datasets/dataset/C4_battery_drain_rep1.csv,thrust_upgrade_firmware,velocity,0.5,z,m/s,92,0,-2.857523170143981,2.867413951710787
datasets/dataset/C4_battery_drain_rep1.csv,thrust_upgrade_firmware,body_rate,0.5,x,rad/s,92,0,25.600021384201376,26.34454634196305
datasets/dataset/C4_battery_drain_rep1.csv,thrust_upgrade_firmware,body_rate,0.5,y,rad/s,92,0,44.04782922323163,44.37238714414896
datasets/dataset/C4_battery_drain_rep1.csv,thrust_upgrade_firmware,body_rate,0.5,z,rad/s,92,0,10.044708936718875,10.141675020276743
datasets/dataset/C4_battery_drain_rep1.csv,thrust_upgrade_firmware,attitude_angle,0.5,angle,rad,92,0,1.5962983766436267,1.7551187258133343
datasets/dataset/C4_battery_drain_rep1.csv,legacy_propellers_firmware,body_specific_force,0,x,m/s^2,4674,0,-0.022990814985330846,0.029609249736871696
datasets/dataset/C4_battery_drain_rep1.csv,legacy_propellers_firmware,body_specific_force,0,y,m/s^2,4674,0,-0.08759576936706617,0.09074742012453227
datasets/dataset/C4_battery_drain_rep1.csv,legacy_propellers_firmware,body_specific_force,0,z,m/s^2,4674,0,1.0950482654503138,1.1009584923912277
datasets/dataset/C4_battery_drain_rep1.csv,legacy_propellers_firmware,angular_acceleration_diagnostic,0,x,rad/s^2,4674,0,70.79860567366865,71.48759118186486
datasets/dataset/C4_battery_drain_rep1.csv,legacy_propellers_firmware,angular_acceleration_diagnostic,0,y,rad/s^2,4674,0,4.809365075497645,10.704426465341664
datasets/dataset/C4_battery_drain_rep1.csv,legacy_propellers_firmware,angular_acceleration_diagnostic,0,z,rad/s^2,4674,0,18.32061920735163,18.524099937925403
datasets/dataset/C4_battery_drain_rep1.csv,legacy_propellers_firmware,position,0.1,x,m,92,0,0.0016510678566785952,0.001756709524336089
datasets/dataset/C4_battery_drain_rep1.csv,legacy_propellers_firmware,position,0.1,y,m,92,0,-0.003997762381592312,0.004040628663711881
datasets/dataset/C4_battery_drain_rep1.csv,legacy_propellers_firmware,position,0.1,z,m,92,0,0.00526789684565917,0.005303474276372421
datasets/dataset/C4_battery_drain_rep1.csv,legacy_propellers_firmware,velocity,0.1,x,m/s,92,0,0.038817262435685985,0.043748800006716125
datasets/dataset/C4_battery_drain_rep1.csv,legacy_propellers_firmware,velocity,0.1,y,m/s,92,0,-0.14296469820577676,0.14447662163494834
datasets/dataset/C4_battery_drain_rep1.csv,legacy_propellers_firmware,velocity,0.1,z,m/s,92,0,0.09510847055829137,0.09576807945735509
datasets/dataset/C4_battery_drain_rep1.csv,legacy_propellers_firmware,body_rate,0.1,x,rad/s,92,0,7.065425037408058,7.139706705741475
datasets/dataset/C4_battery_drain_rep1.csv,legacy_propellers_firmware,body_rate,0.1,y,rad/s,92,0,0.6660541670893644,1.1202849021188932
datasets/dataset/C4_battery_drain_rep1.csv,legacy_propellers_firmware,body_rate,0.1,z,rad/s,92,0,1.8262748449180861,1.8461927605228419
datasets/dataset/C4_battery_drain_rep1.csv,legacy_propellers_firmware,attitude_angle,0.1,angle,rad,92,0,0.3696635511345651,0.3733133570905382
datasets/dataset/C4_battery_drain_rep1.csv,legacy_propellers_firmware,position,0.25,x,m,92,0,0.029928659578167236,0.03261003687682922
datasets/dataset/C4_battery_drain_rep1.csv,legacy_propellers_firmware,position,0.25,y,m,92,0,-0.10589790856651557,0.10643929540690585
datasets/dataset/C4_battery_drain_rep1.csv,legacy_propellers_firmware,position,0.25,z,m,92,0,-0.01606285607464165,0.019461460182996153
datasets/dataset/C4_battery_drain_rep1.csv,legacy_propellers_firmware,velocity,0.25,x,m/s,92,0,0.48495767094819286,0.5069309621388903
datasets/dataset/C4_battery_drain_rep1.csv,legacy_propellers_firmware,velocity,0.25,y,m/s,92,0,-1.322096213261417,1.324363863761374
datasets/dataset/C4_battery_drain_rep1.csv,legacy_propellers_firmware,velocity,0.25,z,m/s,92,0,-0.7941137061883244,0.8181293922600901
datasets/dataset/C4_battery_drain_rep1.csv,legacy_propellers_firmware,body_rate,0.25,x,rad/s,92,0,16.91910282754593,17.094768212414703
datasets/dataset/C4_battery_drain_rep1.csv,legacy_propellers_firmware,body_rate,0.25,y,rad/s,92,0,4.886476261239111,5.099072661223704
datasets/dataset/C4_battery_drain_rep1.csv,legacy_propellers_firmware,body_rate,0.25,z,rad/s,92,0,4.564557083947705,4.611007633993967
datasets/dataset/C4_battery_drain_rep1.csv,legacy_propellers_firmware,attitude_angle,0.25,angle,rad,92,0,2.2804323380520617,2.2944331065117445
datasets/dataset/C4_battery_drain_rep1.csv,legacy_propellers_firmware,position,0.5,x,m,92,0,0.2903396001122712,0.2946781753854719
datasets/dataset/C4_battery_drain_rep1.csv,legacy_propellers_firmware,position,0.5,y,m,92,0,-0.3762341625933635,0.37777427484440873
datasets/dataset/C4_battery_drain_rep1.csv,legacy_propellers_firmware,position,0.5,z,m,92,0,-0.5832292496450318,0.5847736448088683
datasets/dataset/C4_battery_drain_rep1.csv,legacy_propellers_firmware,velocity,0.5,x,m/s,92,0,1.4558373962910804,1.4652227313138126
datasets/dataset/C4_battery_drain_rep1.csv,legacy_propellers_firmware,velocity,0.5,y,m/s,92,0,-1.153212492073731,1.166854296256678
datasets/dataset/C4_battery_drain_rep1.csv,legacy_propellers_firmware,velocity,0.5,z,m/s,92,0,-3.2517650226632027,3.26516929606032
datasets/dataset/C4_battery_drain_rep1.csv,legacy_propellers_firmware,body_rate,0.5,x,rad/s,92,0,19.849478947837646,20.229069944773897
datasets/dataset/C4_battery_drain_rep1.csv,legacy_propellers_firmware,body_rate,0.5,y,rad/s,92,0,26.161055463458798,26.384407275681582
datasets/dataset/C4_battery_drain_rep1.csv,legacy_propellers_firmware,body_rate,0.5,z,rad/s,92,0,9.116532190451936,9.206390132705048
datasets/dataset/C4_battery_drain_rep1.csv,legacy_propellers_firmware,attitude_angle,0.5,angle,rad,92,0,2.247343496561612,2.2892576342635818
datasets/dataset/C4_battery_drain_rep1.csv,persistence,body_specific_force,0,x,m/s^2,4674,0,4.145983543587342e-06,0.004017899479880795
datasets/dataset/C4_battery_drain_rep1.csv,persistence,body_specific_force,0,y,m/s^2,4674,0,-3.8558943984128845e-06,0.006418449070637543
datasets/dataset/C4_battery_drain_rep1.csv,persistence,body_specific_force,0,z,m/s^2,4674,0,0.00012584405646049718,0.00879839608350094
datasets/dataset/C4_battery_drain_rep1.csv,persistence,angular_acceleration_diagnostic,0,x,rad/s^2,4674,0,0.00023178648931301607,0.4153902868457372
datasets/dataset/C4_battery_drain_rep1.csv,persistence,angular_acceleration_diagnostic,0,y,rad/s^2,4674,0,0.0001517412567089591,0.7837108428353776
datasets/dataset/C4_battery_drain_rep1.csv,persistence,angular_acceleration_diagnostic,0,z,rad/s^2,4674,0,0.00042522134619583555,0.2014151555664383
datasets/dataset/C4_battery_drain_rep1.csv,persistence,position,0.1,x,m,92,0,-5.437295288301149e-06,0.0002601886986621056
datasets/dataset/C4_battery_drain_rep1.csv,persistence,position,0.1,y,m,92,0,-8.0345827603937e-06,0.0002517135829279692
datasets/dataset/C4_battery_drain_rep1.csv,persistence,position,0.1,z,m,92,0,0.0001147486645742558,0.0008866679101071078
datasets/dataset/C4_battery_drain_rep1.csv,persistence,velocity,0.1,x,m/s,92,0,-0.0001727777717391305,0.004677659116419485
datasets/dataset/C4_battery_drain_rep1.csv,persistence,velocity,0.1,y,m/s,92,0,-0.00016186643478260856,0.004810493575751876
datasets/dataset/C4_battery_drain_rep1.csv,persistence,velocity,0.1,z,m/s,92,0,0.0023198138260869553,0.01743319984205737
datasets/dataset/C4_battery_drain_rep1.csv,persistence,body_rate,0.1,x,rad/s,92,0,-0.005081152934782609,0.044096040985486765
datasets/dataset/C4_battery_drain_rep1.csv,persistence,body_rate,0.1,y,rad/s,92,0,0.007606030358695654,0.07467364740483136
datasets/dataset/C4_battery_drain_rep1.csv,persistence,body_rate,0.1,z,rad/s,92,0,-0.000393492597826087,0.020775145438431907
datasets/dataset/C4_battery_drain_rep1.csv,persistence,attitude_angle,0.1,angle,rad,92,0,0.006321745221479933,0.007507031458172588
datasets/dataset/C4_battery_drain_rep1.csv,persistence,position,0.25,x,m,92,0,-3.1703945698473705e-05,0.0012221300449610022
datasets/dataset/C4_battery_drain_rep1.csv,persistence,position,0.25,y,m,92,0,-9.385461000127391e-05,0.0014627421187577198
datasets/dataset/C4_battery_drain_rep1.csv,persistence,position,0.25,z,m,92,0,0.0006825098779617054,0.005299099338623399
datasets/dataset/C4_battery_drain_rep1.csv,persistence,velocity,0.25,x,m/s,92,0,-0.0002434102065217392,0.008874178931668232
datasets/dataset/C4_battery_drain_rep1.csv,persistence,velocity,0.25,y,m/s,92,0,-0.0007369413695652173,0.011176059751477804
datasets/dataset/C4_battery_drain_rep1.csv,persistence,velocity,0.25,z,m/s,92,0,0.005322343369565216,0.04214399250609377
datasets/dataset/C4_battery_drain_rep1.csv,persistence,body_rate,0.25,x,rad/s,92,0,-0.006749463152173912,0.05777269605620735
datasets/dataset/C4_battery_drain_rep1.csv,persistence,body_rate,0.25,y,rad/s,92,0,0.005739148173913044,0.07134323799256403
datasets/dataset/C4_battery_drain_rep1.csv,persistence,body_rate,0.25,z,rad/s,92,0,-0.0018375484347826084,0.03591543482404696
datasets/dataset/C4_battery_drain_rep1.csv,persistence,attitude_angle,0.25,angle,rad,92,0,0.014010099863556663,0.015796015227260887
datasets/dataset/C4_battery_drain_rep1.csv,persistence,position,0.5,x,m,92,0,-4.798550375455878e-05,0.003926396279029983
datasets/dataset/C4_battery_drain_rep1.csv,persistence,position,0.5,y,m,92,0,-0.0003201984263177023,0.005032334477704134
datasets/dataset/C4_battery_drain_rep1.csv,persistence,position,0.5,z,m,92,0,0.0025512632002260794,0.020117231560524602
datasets/dataset/C4_battery_drain_rep1.csv,persistence,velocity,0.5,x,m/s,92,0,8.841284782608674e-05,0.014910509516475446
datasets/dataset/C4_battery_drain_rep1.csv,persistence,velocity,0.5,y,m/s,92,0,-0.001026725586956522,0.016564692651186486
datasets/dataset/C4_battery_drain_rep1.csv,persistence,velocity,0.5,z,m/s,92,0,0.009911522119565214,0.07742746795509158
datasets/dataset/C4_battery_drain_rep1.csv,persistence,body_rate,0.5,x,rad/s,92,0,-0.0011429482391304353,0.050042569847215
datasets/dataset/C4_battery_drain_rep1.csv,persistence,body_rate,0.5,y,rad/s,92,0,0.0004512005217391305,0.07219287633877883
datasets/dataset/C4_battery_drain_rep1.csv,persistence,body_rate,0.5,z,rad/s,92,0,0.00073016525,0.04592644449756795
datasets/dataset/C4_battery_drain_rep1.csv,persistence,attitude_angle,0.5,angle,rad,92,0,0.02975270046280404,0.033865950072371746
datasets/dataset/C4_battery_drain_rep1.csv,frame_check,vicon_body_rate_minus_imu,0,x,rad/s,4674,0,-0.0008558432096516143,0.024672944685811413
datasets/dataset/C4_battery_drain_rep1.csv,frame_check,vicon_body_rate_minus_imu,0,y,rad/s,4674,0,0.00024151303722156204,0.04211031778896754
datasets/dataset/C4_battery_drain_rep1.csv,frame_check,vicon_body_rate_minus_imu,0,z,rad/s,4674,0,-0.00023483630010954132,0.02635841300416627
datasets/dataset/C4_battery_drain_rep2.csv,cf21plus_firmware,body_specific_force,0,x,m/s^2,2415,0,-0.038449614871389044,0.04621613001320163
datasets/dataset/C4_battery_drain_rep2.csv,cf21plus_firmware,body_specific_force,0,y,m/s^2,2415,0,0.05530535641967703,0.060072193737124795
datasets/dataset/C4_battery_drain_rep2.csv,cf21plus_firmware,body_specific_force,0,z,m/s^2,2415,0,0.9595574775853698,0.9686749949376139
datasets/dataset/C4_battery_drain_rep2.csv,cf21plus_firmware,angular_acceleration_diagnostic,0,x,rad/s^2,2415,0,28.088401528468673,29.708109768620567
datasets/dataset/C4_battery_drain_rep2.csv,cf21plus_firmware,angular_acceleration_diagnostic,0,y,rad/s^2,2415,0,-52.96192292858249,53.594567256768634
datasets/dataset/C4_battery_drain_rep2.csv,cf21plus_firmware,angular_acceleration_diagnostic,0,z,rad/s^2,2415,0,-1.662035210193012,3.8512906321643388
datasets/dataset/C4_battery_drain_rep2.csv,cf21plus_firmware,position,0.1,x,m,3,0,-0.0013967684913286154,0.0016336747329503908
datasets/dataset/C4_battery_drain_rep2.csv,cf21plus_firmware,position,0.1,y,m,3,0,-0.0011598304684989503,0.0012413579786811405
datasets/dataset/C4_battery_drain_rep2.csv,cf21plus_firmware,position,0.1,z,m,3,0,0.004344231243782433,0.004417596817394304
datasets/dataset/C4_battery_drain_rep2.csv,cf21plus_firmware,velocity,0.1,x,m/s,3,0,-0.08155234227491172,0.08761515372592628
datasets/dataset/C4_battery_drain_rep2.csv,cf21plus_firmware,velocity,0.1,y,m/s,3,0,-0.045804629991262336,0.04745125749260537
datasets/dataset/C4_battery_drain_rep2.csv,cf21plus_firmware,velocity,0.1,z,m/s,3,0,0.07912011215572846,0.0807793354563467
datasets/dataset/C4_battery_drain_rep2.csv,cf21plus_firmware,body_rate,0.1,x,rad/s,3,0,2.753752368247698,2.818215083078156
datasets/dataset/C4_battery_drain_rep2.csv,cf21plus_firmware,body_rate,0.1,y,rad/s,3,0,-5.814616283074391,5.984820463654998
datasets/dataset/C4_battery_drain_rep2.csv,cf21plus_firmware,body_rate,0.1,z,rad/s,3,0,-0.02510215425428632,0.3320945751422177
datasets/dataset/C4_battery_drain_rep2.csv,cf21plus_firmware,attitude_angle,0.1,angle,rad,3,0,0.3296685270825987,0.3364839523490613
datasets/dataset/C4_battery_drain_rep2.csv,cf21plus_firmware,position,0.25,x,m,3,0,-0.08260113998620205,0.08502175790700373
datasets/dataset/C4_battery_drain_rep2.csv,cf21plus_firmware,position,0.25,y,m,3,0,-0.039184094366119034,0.04033705277021741
datasets/dataset/C4_battery_drain_rep2.csv,cf21plus_firmware,position,0.25,z,m,3,0,-0.011643409523815337,0.017659001142960186
datasets/dataset/C4_battery_drain_rep2.csv,cf21plus_firmware,velocity,0.25,x,m/s,3,0,-1.1713737448051404,1.1854534940557904
datasets/dataset/C4_battery_drain_rep2.csv,cf21plus_firmware,velocity,0.25,y,m/s,3,0,-0.5323082288916651,0.5444937017238622
datasets/dataset/C4_battery_drain_rep2.csv,cf21plus_firmware,velocity,0.25,z,m/s,3,0,-0.6622491151269982,0.7223129006926162
datasets/dataset/C4_battery_drain_rep2.csv,cf21plus_firmware,body_rate,0.25,x,rad/s,3,0,6.1466125072516595,6.36920273831072
datasets/dataset/C4_battery_drain_rep2.csv,cf21plus_firmware,body_rate,0.25,y,rad/s,3,0,-14.713784547920833,14.929709683586164
datasets/dataset/C4_battery_drain_rep2.csv,cf21plus_firmware,body_rate,0.25,z,rad/s,3,0,-0.029571805579446313,0.7294068028595231
datasets/dataset/C4_battery_drain_rep2.csv,cf21plus_firmware,attitude_angle,0.25,angle,rad,3,0,2.0121381654399246,2.050870294142267
datasets/dataset/C4_battery_drain_rep2.csv,cf21plus_firmware,position,0.5,x,m,3,0,-0.3861002463029317,0.3864689259814027
datasets/dataset/C4_battery_drain_rep2.csv,cf21plus_firmware,position,0.5,y,m,3,0,-0.16219594916098115,0.16576432993812715
datasets/dataset/C4_battery_drain_rep2.csv,cf21plus_firmware,position,0.5,z,m,3,0,-0.6302578223992622,0.6331827063387853
datasets/dataset/C4_battery_drain_rep2.csv,cf21plus_firmware,velocity,0.5,x,m/s,3,0,-1.0178434701438321,1.025747714308422
datasets/dataset/C4_battery_drain_rep2.csv,cf21plus_firmware,velocity,0.5,y,m/s,3,0,-0.400470052324301,0.478828969786698
datasets/dataset/C4_battery_drain_rep2.csv,cf21plus_firmware,velocity,0.5,z,m/s,3,0,-3.5775537300727134,3.591309224361676
datasets/dataset/C4_battery_drain_rep2.csv,cf21plus_firmware,body_rate,0.5,x,rad/s,3,0,12.125679759839445,13.370633758331838
datasets/dataset/C4_battery_drain_rep2.csv,cf21plus_firmware,body_rate,0.5,y,rad/s,3,0,-29.064846282901502,29.17288148022532
datasets/dataset/C4_battery_drain_rep2.csv,cf21plus_firmware,body_rate,0.5,z,rad/s,3,0,-0.1040449096660212,1.3111133533815738
datasets/dataset/C4_battery_drain_rep2.csv,cf21plus_firmware,attitude_angle,0.5,angle,rad,3,0,1.409176806188582,1.6510703537125468
datasets/dataset/C4_battery_drain_rep2.csv,thrust_upgrade_firmware,body_specific_force,0,x,m/s^2,2415,0,-0.038449614871389044,0.04621613001320163
datasets/dataset/C4_battery_drain_rep2.csv,thrust_upgrade_firmware,body_specific_force,0,y,m/s^2,2415,0,0.05530535641967703,0.060072193737124795
datasets/dataset/C4_battery_drain_rep2.csv,thrust_upgrade_firmware,body_specific_force,0,z,m/s^2,2415,0,9.885862551111796,9.89028483304039
datasets/dataset/C4_battery_drain_rep2.csv,thrust_upgrade_firmware,angular_acceleration_diagnostic,0,x,rad/s^2,2415,0,48.50604537945631,51.10279782204315
datasets/dataset/C4_battery_drain_rep2.csv,thrust_upgrade_firmware,angular_acceleration_diagnostic,0,y,rad/s^2,2415,0,-90.81396812208001,91.84510290542127
datasets/dataset/C4_battery_drain_rep2.csv,thrust_upgrade_firmware,angular_acceleration_diagnostic,0,z,rad/s^2,2415,0,-2.2069259083671438,4.9102010970041725
datasets/dataset/C4_battery_drain_rep2.csv,thrust_upgrade_firmware,position,0.1,x,m,3,0,-0.006113094560285474,0.0064392813086278115
datasets/dataset/C4_battery_drain_rep2.csv,thrust_upgrade_firmware,position,0.1,y,m,3,0,-0.0033806042845379463,0.003505992824833318
datasets/dataset/C4_battery_drain_rep2.csv,thrust_upgrade_firmware,position,0.1,z,m,3,0,0.047880447885686274,0.04793747550499634
datasets/dataset/C4_battery_drain_rep2.csv,thrust_upgrade_firmware,velocity,0.1,x,m/s,3,0,-0.2849652584584929,0.29659247050228565
datasets/dataset/C4_battery_drain_rep2.csv,thrust_upgrade_firmware,velocity,0.1,y,m/s,3,0,-0.14103685007654984,0.14501046598519307
datasets/dataset/C4_battery_drain_rep2.csv,thrust_upgrade_firmware,velocity,0.1,z,m/s,3,0,0.9190888776497271,0.9198830526750016
datasets/dataset/C4_battery_drain_rep2.csv,thrust_upgrade_firmware,body_rate,0.1,x,rad/s,3,0,4.75699631182987,4.8736522297821026
datasets/dataset/C4_battery_drain_rep2.csv,thrust_upgrade_firmware,body_rate,0.1,y,rad/s,3,0,-9.96067986705285,10.210895835297453
datasets/dataset/C4_battery_drain_rep2.csv,thrust_upgrade_firmware,body_rate,0.1,z,rad/s,3,0,-0.055140851862304184,0.43417089362949834
datasets/dataset/C4_battery_drain_rep2.csv,thrust_upgrade_firmware,attitude_angle,0.1,angle,rad,3,0,0.5668371013227292,0.5758906972930138
datasets/dataset/C4_battery_drain_rep2.csv,thrust_upgrade_firmware,position,0.25,x,m,3,0,-0.20244031821291975,0.20421382204301447
datasets/dataset/C4_battery_drain_rep2.csv,thrust_upgrade_firmware,position,0.25,y,m,3,0,-0.09410641030632545,0.09644408242203285
datasets/dataset/C4_battery_drain_rep2.csv,thrust_upgrade_firmware,position,0.25,z,m,3,0,0.13178268617874536,0.13668429561859813
datasets/dataset/C4_battery_drain_rep2.csv,thrust_upgrade_firmware,velocity,0.25,x,m/s,3,0,-2.049515590509254,2.0700657597346184
datasets/dataset/C4_battery_drain_rep2.csv,thrust_upgrade_firmware,velocity,0.25,y,m/s,3,0,-0.9218633464293036,0.9461563600386996
datasets/dataset/C4_battery_drain_rep2.csv,thrust_upgrade_firmware,velocity,0.25,z,m/s,3,0,-0.8124284696086003,0.9534595587772913
datasets/dataset/C4_battery_drain_rep2.csv,thrust_upgrade_firmware,body_rate,0.25,x,rad/s,3,0,10.533821621121337,10.886568593981265
datasets/dataset/C4_battery_drain_rep2.csv,thrust_upgrade_firmware,body_rate,0.25,y,rad/s,3,0,-25.15496746027415,25.44865159537331
datasets/dataset/C4_battery_drain_rep2.csv,thrust_upgrade_firmware,body_rate,0.25,z,rad/s,3,0,-0.08444341473790702,0.943938495456067
datasets/dataset/C4_battery_drain_rep2.csv,thrust_upgrade_firmware,attitude_angle,0.25,angle,rad,3,0,2.664069568311899,2.7079576601160062
datasets/dataset/C4_battery_drain_rep2.csv,thrust_upgrade_firmware,position,0.5,x,m,3,0,-0.6022403648819127,0.60329603448759
datasets/dataset/C4_battery_drain_rep2.csv,thrust_upgrade_firmware,position,0.5,y,m,3,0,-0.2540084189010165,0.25833140637900787
datasets/dataset/C4_battery_drain_rep2.csv,thrust_upgrade_firmware,position,0.5,z,m,3,0,-0.3937959514983091,0.4001137070547922
datasets/dataset/C4_battery_drain_rep2.csv,thrust_upgrade_firmware,velocity,0.5,x,m/s,3,0,-1.4317021364195515,1.4353914093321074
datasets/dataset/C4_battery_drain_rep2.csv,thrust_upgrade_firmware,velocity,0.5,y,m/s,3,0,-0.5072166790012688,0.6113086773533475
datasets/dataset/C4_battery_drain_rep2.csv,thrust_upgrade_firmware,velocity,0.5,z,m/s,3,0,-3.413373822609593,3.4185467935818643
datasets/dataset/C4_battery_drain_rep2.csv,thrust_upgrade_firmware,body_rate,0.5,x,rad/s,3,0,20.314021688425544,22.972296466978047
datasets/dataset/C4_battery_drain_rep2.csv,thrust_upgrade_firmware,body_rate,0.5,y,rad/s,3,0,-49.57445657547063,49.685692832703474
datasets/dataset/C4_battery_drain_rep2.csv,thrust_upgrade_firmware,body_rate,0.5,z,rad/s,3,0,-0.1926704046479498,1.666559833365379
datasets/dataset/C4_battery_drain_rep2.csv,thrust_upgrade_firmware,attitude_angle,0.5,angle,rad,3,0,1.030266697800185,1.3006781192207726
datasets/dataset/C4_battery_drain_rep2.csv,legacy_propellers_firmware,body_specific_force,0,x,m/s^2,2415,0,-0.038449614871389044,0.04621613001320163
datasets/dataset/C4_battery_drain_rep2.csv,legacy_propellers_firmware,body_specific_force,0,y,m/s^2,2415,0,0.05530535641967703,0.060072193737124795
datasets/dataset/C4_battery_drain_rep2.csv,legacy_propellers_firmware,body_specific_force,0,z,m/s^2,2415,0,1.7887036109396597,1.7955454256933827
datasets/dataset/C4_battery_drain_rep2.csv,legacy_propellers_firmware,angular_acceleration_diagnostic,0,x,rad/s^2,2415,0,31.375850217244718,33.15825312356198
datasets/dataset/C4_battery_drain_rep2.csv,legacy_propellers_firmware,angular_acceleration_diagnostic,0,y,rad/s^2,2415,0,-59.07959890018367,59.777632344322605
datasets/dataset/C4_battery_drain_rep2.csv,legacy_propellers_firmware,angular_acceleration_diagnostic,0,z,rad/s^2,2415,0,-1.9676371106241284,4.523751392758877
datasets/dataset/C4_battery_drain_rep2.csv,legacy_propellers_firmware,position,0.1,x,m,3,0,-0.0018466129171588602,0.0020846613418734313
datasets/dataset/C4_battery_drain_rep2.csv,legacy_propellers_firmware,position,0.1,y,m,3,0,-0.0013712012554924033,0.0014556828981509384
datasets/dataset/C4_battery_drain_rep2.csv,legacy_propellers_firmware,position,0.1,z,m,3,0,0.008379283632950226,0.00844397225824215
datasets/dataset/C4_battery_drain_rep2.csv,legacy_propellers_firmware,velocity,0.1,x,m/s,3,0,-0.10103822231039962,0.10766920277528381
datasets/dataset/C4_battery_drain_rep2.csv,legacy_propellers_firmware,velocity,0.1,y,m/s,3,0,-0.05489626096749902,0.056760144171008366
datasets/dataset/C4_battery_drain_rep2.csv,legacy_propellers_firmware,velocity,0.1,z,m/s,3,0,0.15753877930300528,0.15882312892434483
datasets/dataset/C4_battery_drain_rep2.csv,legacy_propellers_firmware,body_rate,0.1,x,rad/s,3,0,3.0773831450615394,3.149751805818498
datasets/dataset/C4_battery_drain_rep2.csv,legacy_propellers_firmware,body_rate,0.1,y,rad/s,3,0,-6.484975929897222,6.6691297629365
datasets/dataset/C4_battery_drain_rep2.csv,legacy_propellers_firmware,body_rate,0.1,z,rad/s,3,0,-0.0356301590821931,0.39593514750990294
datasets/dataset/C4_battery_drain_rep2.csv,legacy_propellers_firmware,attitude_angle,0.1,angle,rad,3,0,0.3680677327317707,0.375307668963666
datasets/dataset/C4_battery_drain_rep2.csv,legacy_propellers_firmware,position,0.25,x,m,3,0,-0.09641460273932634,0.09878882919803349
datasets/dataset/C4_battery_drain_rep2.csv,legacy_propellers_firmware,position,0.25,y,m,3,0,-0.04550406281432364,0.0467724823371596
datasets/dataset/C4_battery_drain_rep2.csv,legacy_propellers_firmware,position,0.25,z,m,3,0,0.0017879499140677213,0.015872113496825258
datasets/dataset/C4_battery_drain_rep2.csv,legacy_propellers_firmware,velocity,0.25,x,m/s,3,0,-1.3079070094293044,1.318207159460678
datasets/dataset/C4_battery_drain_rep2.csv,legacy_propellers_firmware,velocity,0.25,y,m/s,3,0,-0.5938255938442191,0.6063140762778435
datasets/dataset/C4_battery_drain_rep2.csv,legacy_propellers_firmware,velocity,0.25,z,m/s,3,0,-0.7023080952059457,0.7788181793939055
datasets/dataset/C4_battery_drain_rep2.csv,legacy_propellers_firmware,body_rate,0.25,x,rad/s,3,0,6.865685596034328,7.12478530777985
datasets/dataset/C4_battery_drain_rep2.csv,legacy_propellers_firmware,body_rate,0.25,y,rad/s,3,0,-16.39988536630237,16.624831252359627
datasets/dataset/C4_battery_drain_rep2.csv,legacy_propellers_firmware,body_rate,0.25,z,rad/s,3,0,-0.046374382871018104,0.8681674487781691
datasets/dataset/C4_battery_drain_rep2.csv,legacy_propellers_firmware,attitude_angle,0.25,angle,rad,3,0,2.2444448212154726,2.285922026968836
datasets/dataset/C4_battery_drain_rep2.csv,legacy_propellers_firmware,position,0.5,x,m,3,0,-0.4014934029307169,0.4018336072174482
datasets/dataset/C4_battery_drain_rep2.csv,legacy_propellers_firmware,position,0.5,y,m,3,0,-0.16852681169019332,0.17298218309918936
datasets/dataset/C4_battery_drain_rep2.csv,legacy_propellers_firmware,position,0.5,z,m,3,0,-0.6138949935004892,0.6175971653362541
datasets/dataset/C4_battery_drain_rep2.csv,legacy_propellers_firmware,velocity,0.5,x,m/s,3,0,-1.135388390051305,1.140580245519839
datasets/dataset/C4_battery_drain_rep2.csv,legacy_propellers_firmware,velocity,0.5,y,m/s,3,0,-0.4666175858943147,0.5030870477055144
datasets/dataset/C4_battery_drain_rep2.csv,legacy_propellers_firmware,velocity,0.5,z,m/s,3,0,-3.5161885441098693,3.5435354390206926
datasets/dataset/C4_battery_drain_rep2.csv,legacy_propellers_firmware,body_rate,0.5,x,rad/s,3,0,13.476035485491067,15.152469350996927
datasets/dataset/C4_battery_drain_rep2.csv,legacy_propellers_firmware,body_rate,0.5,y,rad/s,3,0,-32.28851180577766,32.37827093621686
datasets/dataset/C4_battery_drain_rep2.csv,legacy_propellers_firmware,body_rate,0.5,z,rad/s,3,0,-0.13301671368422419,1.5433898747883548
datasets/dataset/C4_battery_drain_rep2.csv,legacy_propellers_firmware,attitude_angle,0.5,angle,rad,3,0,1.5797790733449641,1.5842969705868286
datasets/dataset/C4_battery_drain_rep2.csv,persistence,body_specific_force,0,x,m/s^2,2415,0,5.915384873630713e-05,0.00534726158062595
datasets/dataset/C4_battery_drain_rep2.csv,persistence,body_specific_force,0,y,m/s^2,2415,0,-0.00022560145406324113,0.005079511747033598
datasets/dataset/C4_battery_drain_rep2.csv,persistence,body_specific_force,0,z,m/s^2,2415,0,4.96977443478677e-06,0.007858682781985237
datasets/dataset/C4_battery_drain_rep2.csv,persistence,angular_acceleration_diagnostic,0,x,rad/s^2,2415,0,0.002899852555834113,0.4262420995781128
datasets/dataset/C4_battery_drain_rep2.csv,persistence,angular_acceleration_diagnostic,0,y,rad/s^2,2415,0,-0.01342609190842376,0.6238515691920684
datasets/dataset/C4_battery_drain_rep2.csv,persistence,angular_acceleration_diagnostic,0,z,rad/s^2,2415,0,0.0013810133732470719,0.1716284956031355
datasets/dataset/C4_battery_drain_rep2.csv,persistence,position,0.1,x,m,3,0,0.00015127930284841978,0.0004545429857829108
datasets/dataset/C4_battery_drain_rep2.csv,persistence,position,0.1,y,m,3,0,-0.00043763295019952483,0.0005681522550618082
datasets/dataset/C4_battery_drain_rep2.csv,persistence,position,0.1,z,m,3,0,5.219828498740734e-05,0.0019372475578832025
datasets/dataset/C4_battery_drain_rep2.csv,persistence,velocity,0.1,x,m/s,3,0,0.0021092773333333302,0.009497415371966843
datasets/dataset/C4_battery_drain_rep2.csv,persistence,velocity,0.1,y,m/s,3,0,-0.007182924666666667,0.008455150646514703
datasets/dataset/C4_battery_drain_rep2.csv,persistence,velocity,0.1,z,m/s,3,0,-0.0014375409999999589,0.03619156039435678
datasets/dataset/C4_battery_drain_rep2.csv,persistence,body_rate,0.1,x,rad/s,3,0,-0.04059763466666667,0.07563033685683376
datasets/dataset/C4_battery_drain_rep2.csv,persistence,body_rate,0.1,y,rad/s,3,0,0.0031870173333333383,0.07273227240050159
datasets/dataset/C4_battery_drain_rep2.csv,persistence,body_rate,0.1,z,rad/s,3,0,0.015833983333333333,0.03885951688772787
datasets/dataset/C4_battery_drain_rep2.csv,persistence,attitude_angle,0.1,angle,rad,3,0,0.007228048132478858,0.007690564167966108
datasets/dataset/C4_battery_drain_rep2.csv,persistence,position,0.25,x,m,3,0,0.00017963541551915875,0.003089900544497804
datasets/dataset/C4_battery_drain_rep2.csv,persistence,position,0.25,y,m,3,0,-0.002028208621249755,0.0023718075844033847
datasets/dataset/C4_battery_drain_rep2.csv,persistence,position,0.25,z,m,3,0,-0.0008264186122621068,0.010401851228625704
datasets/dataset/C4_battery_drain_rep2.csv,persistence,velocity,0.25,x,m/s,3,0,-0.0012226636666666686,0.024652632337497035
datasets/dataset/C4_battery_drain_rep2.csv,persistence,velocity,0.25,y,m/s,3,0,-0.013935525999999998,0.015847422226884348
datasets/dataset/C4_battery_drain_rep2.csv,persistence,velocity,0.25,z,m/s,3,0,-0.013695595999999985,0.07449038946457727
datasets/dataset/C4_battery_drain_rep2.csv,persistence,body_rate,0.25,x,rad/s,3,0,-0.093510471,0.11063158305426181
datasets/dataset/C4_battery_drain_rep2.csv,persistence,body_rate,0.25,y,rad/s,3,0,-0.008541823999999995,0.15610075506461965
datasets/dataset/C4_battery_drain_rep2.csv,persistence,body_rate,0.25,z,rad/s,3,0,0.025256888999999994,0.08651379392544982
datasets/dataset/C4_battery_drain_rep2.csv,persistence,attitude_angle,0.25,angle,rad,3,0,0.025769397853600662,0.031027278107842095
datasets/dataset/C4_battery_drain_rep2.csv,persistence,position,0.5,x,m,3,0,-0.0015328378035658196,0.01161288495575976
datasets/dataset/C4_battery_drain_rep2.csv,persistence,position,0.5,y,m,3,0,-0.00578127573676761,0.007089108314808391
datasets/dataset/C4_battery_drain_rep2.csv,persistence,position,0.5,z,m,3,0,-0.010056516381740524,0.03228971516829168
datasets/dataset/C4_battery_drain_rep2.csv,persistence,velocity,0.5,x,m/s,3,0,-0.012269439333333333,0.04278402080364208
datasets/dataset/C4_battery_drain_rep2.csv,persistence,velocity,0.5,y,m/s,3,0,-0.012994260666666667,0.024992570083735566
datasets/dataset/C4_battery_drain_rep2.csv,persistence,velocity,0.5,z,m/s,3,0,-0.04892755466666667,0.07486903310820962
datasets/dataset/C4_battery_drain_rep2.csv,persistence,body_rate,0.5,x,rad/s,3,0,-0.022585587333333334,0.029417366341695714
datasets/dataset/C4_battery_drain_rep2.csv,persistence,body_rate,0.5,y,rad/s,3,0,0.034953535333333334,0.14556900310964066
datasets/dataset/C4_battery_drain_rep2.csv,persistence,body_rate,0.5,z,rad/s,3,0,-0.0009605523333333343,0.04274214825090117
datasets/dataset/C4_battery_drain_rep2.csv,persistence,attitude_angle,0.5,angle,rad,3,0,0.055816053487161975,0.06430057967796533
datasets/dataset/C4_battery_drain_rep2.csv,frame_check,vicon_body_rate_minus_imu,0,x,rad/s,2415,0,0.00045907791852589083,0.016328967615652296
datasets/dataset/C4_battery_drain_rep2.csv,frame_check,vicon_body_rate_minus_imu,0,y,rad/s,2415,0,0.0010842950617246047,0.03770826584794697
datasets/dataset/C4_battery_drain_rep2.csv,frame_check,vicon_body_rate_minus_imu,0,z,rad/s,2415,0,-0.0006752843307610395,0.017535650539257912
